1705125736428382976
1705061465156517888
1705988478504499968
1704769047386120960
1705300093160229888
1705583608548945920
1704808203268016128
1705894852798522880
1705893534401266944
1705408567383604992
1705907283095883008
1705405892056634112
1705583318075609088
1705560837342486016
1705634267554778112
1705635367089061120
1706185216688054016
1705544933459930880
1705320965564404992
1705722882751148032
1705407176910369024
1706082172924832000
1705669213884056064
1704855710980153088
1706079058949981952
1705145490610234880
1705665132529314048
1706163705802917888
1705387053633540096
1706077145452023040
1705493390093882112
1706167851290699008
1701158955803705088
1705893531401760000
1705029235996982016
1705578633973147904
1705132966077435904
1705144373983502080
1701158991898007040
1705298142134304000
1705669535281594880
1705633809502791936
1705668997893214976
1705990001977831936
1705923888601889024
1705643726209232896
1704808797759766016
1705322606722057984
1704441939428890112
1704952441664762880
1705324176681469952
1705404552000880128
1706167838790640128
1705463040278758912
1705132644075401984
1705039872949263104
1705125735428299008
1706082785321136896
1701159290896771072
1705061597893413888
1705635488376701952
1705405352583172096
1704952413462980096
1705234855528919040
1706079943980184064
1705754847753985024
1706166305289797120
1705152217896192000
1706075348044668928
1704808205268384000
1705152592825842944
1705405890056604928
1705132640574956032
1705585297677756928
1705634406064153088
1705907288095345920
1705583705556933120
1705061602893184000
1705298253642717952
1705132971076709888
1705125921517860096
1705578638473873920
1706009613142066944
1705321331081829888
1705633871092037120
1702548480295915008
1706165805336083968
1704769597188750080
1705134344581337088
1706166351381602048
1705492440137743872
1705989798481285120
1705663913278625024
1706106591818138880
1705126131009306880
1705579362857995008
1705559972873286912
1705925662719077888
1705644711213102080
1705925648221654016
1705063224155696128
1705463140780450048
1705298307150780928
1705732744453138944
1705544772972569088
1705668999893480960
1705635504877925888
1705927843325692928
1705665124030823936
1705664093375770880
1706186263852337920
1705406774422236928
1706076186441718016
1704336340845280000
1706238299703216128
1705663916278001920
1705063232155773952
1706187428874930944
1706011618933135872
1705125830516075008
1701159227397473024
1705386536289771008
1704956370416267008
1705386380026838016
1705547522287463936
1705214143651162880
1705721882642322944
1705323683211611904
1706167850790691072
1705386397028589056
1705982367529099008
1706184880599362048
1705234878528046080
1705320215585462016
1705298355152222976
1705237297844913920
1706185300581164032
1705925611120950016
1705154288847971072
1705559983873850112
1705583188421704960
1705151126432826112
1705040004945796096
1704769814864285952
1705752515630533120
1706012090361209088
1705988491002273024
1705152053903076096
1705463100282874880
1704807267810594048
1704979998609384960
1706185136098729984
1705578630972623104
1706239136084384000
1705409310425606912
1705560787639247104
1704887449608105984
1704694170698246912
1705154427328560128
1705410005404409088
1704769597688737024
1705582242093372928
1705665470294555904
1705152517322234880
1705649482583202048
1704943199522042112
1706080001076378112
1705663879283126016
1705152044903026944
1705404554000911872
1701342695990388992
1705241153727140096
1705298153632261120
1706104532326341888
1705152584825246976
1705386535789779968
1705147698086543872
1705125740929018880
1705544972053783040
1705463034778702080
1706079059450027008
1706011649934851072
1701159062886034944
1704956298417246976
1705063222805021952
1705375596934952960
1705144364485259008
1705072569827113984
1705145785103429120
1705928837325860096
1705669838289818112
1704887565095284992
1705404617104937984
1706082708921392896
1705125880517007104
1702954840145993984
1706013413055095040
1705063333504653056
1705322609221419008
1705893540400318976
1705043491888265984
1704943209022364928
1705072535022383104
1706104715515649024
1706239529103972096
1704694185696532992
1705735275296314112
1704889349071915008
1704891550833517056
1705048446849004032
1705409629904424960
1705405192590542080
1705491370595674112
1705150347046744064
1705409637405011968
1705072549024304128
1705321330581679104
1704334928207700992
1705321237578797056
1705923907268215040
1704867921561419008
1705407203905660928
1704769808865021952
1705545094851994112
1705544974553467904
1705241431707044096
1706010227133131008
1705061198878035968
1706104133399891968
1704808202768082944
1705061478654731008
1705153611793807104
1705237516853312000
1705670566783955968
1704891562832259072
1705546174524989952
1705988003059392000
1705583431070481920
1701159040389721088
1706187672354688000
1704439258472763904
1705234857528826880
1705386394028195072
1706163630195258112
1705754844754530048
1706078631988787968
1706011814070535936
1704984617537196032
1705579365358035968
1705298140134611968
1705642525755311104
1705645774619162112
1705664089875377920
1705126128008946944
1705669541282504960
1706076146548773120
1705990387015411968
1705670383103501056
1705463143780375040
1706102385923934976
1705200336323854080
1705463101282886912
1701159280398161920
1705241435207608064
1704891791802226944
1704867936058887936
1705754122670215936
1705320906861164032
1705544960555966976
1705736056983030016
1705893718046583040
1705406403549325056
1705145479610256896
1704694172698162944
1704941776343657984
1704889382572713984
1705125989222909952
1705153608294002944
1705375622932346112
1701159106885516032
1704783144309457920
1704977030912841984
1705416781203292928
1705416616197234944
1705072546523802112
1704537582726921984
1705409661814071040
1705669886894690048
1705730978529499904
1704783413798907904
1705289046574932992
1704769600188203008
1706011627933210880
1705039910451116032
1706075357067735040
1705061751062128128
1705583199923320064
1705755952630909952
1705560846342552064
1706239140585232896
1705751418988293888
1704943202022084096
1705126437009971968
1705463415291372032
1705064499654256896
1706077138451277056
1705750599654223104
1705583739561881088
1705320454085508096
1705062753804677888
1705670708797417984
1705583701556388096
1705064366662034944
1705751422488713984
1705645777619080960
1706184888600594944
1705410014904688896
1705989264964935936
1705556743300357120
1704336347345331968
1705061486153486080
1705039935453619968
1704779101496225024
1705323677365498880
1705648593605368064
1706104561824380928
1705406382052622080
1705407187408569088
1705555900280259072
1705406820024527872
1705663878283102976
1705409979405336064
1705063277799876096
1705151125933029120
1706248409020833024
1705144367484720128
1705322273351889920
1705072635033385984
1705154396830768128
1705923909267859968
1705463032278664960
1705298143134106880
1706104532826352128
1705154762339060992
1705234783933434112
1705988489002693120
1706011813570651904
1705238280322167040
1705152496819866880
1705649283005768960
1705323622716670976
1705153821372381952
1705646045669931008
1705667194900561920
1705406384052203008
1705463148280555008
1705670371101821952
1705583728060203008
1705125743429472000
1705234183584410880
1705323684866486016
1704805286325143040
1705407693036809984
1704977289494892032
1705893530901925888
1705907292594833920
1705544663886571008
1705061750562089984
1705199571359515904
1701072027992666112
1705669534281466880
1706184893101153024
1705064352160464896
1705550198323762944
1704951817063866880
1704855723980265984
1709812833554100992
1705238285322221056
1704808794259321088
1705127006055183104
1705990103491077120
1705729415429536000
1705048458850658048
1704977297494223872
1706167660303400960
1706104528826278912
1705721886642872064
1705633996576679936
1705555905781116928
1705029243497835008
1705154430828378112
1705664099875612928
1706015059256101120
1705927544617252096
1705325208164300032
1705646048170212096
1705582229091936000
1705298297649254912
1705904271016611072
1706238443688120064
1704979511944045056
1705323658711843072
1705409961407890944
1705925310209411072
1706238151703697920
1705559985873750016
1705670702796743936
1706168498181473024
1706078634988840960
1705408733949995008
1709812803554534912
1705064365161752064
1704976143466615040
1705125873516406016
1705669207884963072
1704781947334169088
1705634412562992128
1705463414791331072
1705375621432325888
1706166326785966080
1705150347546812928
1704537768222331904
1705063217655464960
1705234216581526016
1702954566628574976
1705325208664323072
1705029238997391104
1705373085080454912
1705406945526947072
1705153317318923008
1704855717480248064
1705729411929580032
1705145787103173120
1701158961802778880
1706163742208160000
1705063362006004992
1705647975064334080
1705583727560086016
1705125933517648896
1706011659934572032
1704782645844005120
1705374764299604992
1705320898862610944
1706189146348208128
1702542679390155008
1705134351580036096
1706163632195365120
1705407688036728064
1704769051386554880
1705926021260427008
1705134201091621888
1705126436009848064
1704807284309977088
1706166312788282112
1705463043778919936
1704441943428129024
1705989808981477120
1705408735450359040
1705063339504692992
1706185143097462016
1704976807922970880
1705663909279282944
1706184876598852096
1705663915778011904
1706163746208790016
1705736003586927104
1704979523942316032
1705234885527139072
1705649348500720128
1706168501681019904
1706165797337499904
1704783464303739904
1704952537156634112
1704977307493231104
1706075254061348096
1705644579668655104
1705072614032587008
1706193332890032128
1705989522021423104
1705406324460367872
1705670086303686912
1705145631522872064
1704335218977120000
1704441936429488128
1705298151132857088
1705907277595866112
1709812846053986048
1705072651033444096
1705126725537031936
1705927853424196096
1704867404286071040
1705048448349182976
1701159039889811968
1704943206522161920
1705560986630433024
1705405904056186112
1706193622889272064
1704889383572734976
1706249010007482880
1704335213478200064
1704956310915697920
1706076577544976896
1705732733454877952
1705929655729487104
1705754116170817024
1704984612037960960
1702954568628649984
1706193324388813056
1705751412487192064
1704952585962164992
1704976152465111040
1705404607104918016
1706239516103904000
1706192107400090112
1705578640974196992
1705241664712844032
1705408571883065088
1705717638136129024
1704893823092289024
1705752781366308096
1705722885251150080
1705374749299523072
1705550200323688960
1705559976373187072
1705547518288086016
1705463145280435968
1705982409035070976
1705924620962297088
1705126001222917120
1704952305468133120
1706075257560598016
1704979555137371904
1704779172999298048
1704887509597430016
1705928313187749888
1705664095875752960
1705409367420271104
1706076160946227968
1705063228804832000
1705153776274243072
1705134212093192960
1705750584654343936
1705404889083320064
1702954822147744000
1705579345855909888
1704956495426939904
1704867941057953024
1705241796207176960
1705321777875555072
1705669880894927104
1706165731749196032
1704980035114082048
1705321756383489024
1705752257142590976
1705385236754349056
1706082648816097024
1705583638548651008
1705730956030185984
1706185206688400896
1705125741429221120
1704891553833031936
1705634269555156992
1705125986222766080
1705927208961779968
1705212076668183040
1705040857424616960
1705646102777338112
1705409634904568064
1704979898007763968
1705322266351838976
1705386057278861056
1705470245250183936
1706079056949688064
1705667350896432128
1705320216085395968
1705665127030403072
1705416605196326912
1705544934459942912
1705152222396791040
1706185152595866112
1705546100929551104
1706079061950243072
1705582222091728896
1705200379320665088
1705989933472322048
1706192105400496128
1705234769434880000
1704867514783758080
1706239154186969088
1705144362985380096
1705585300677746944
1704783411298456064
1705463135280640000
1705126566024034048
1705214140151891968
1706239788688207104
1706163699802001920
1701158980399920896
1704979551137533952
1705132629574757120
1705583440068859904
1704810476719707904
1705923494108131072
1704954115464710912
1706075348068111104
1705749565494159104
1705321787375024896
1705154768338787072
1705664140874252032
1705735267296592896
1705152170902057984
1706193237881423872
1705926013760321024
1705042448906872064
1705145781103728896
1705583744562564096
1705132645575565056
1702954836646483968
1704889284079630080
1705923397712203008
1705893731545652992
1704980042615224064
1705925653720783104
1704891524536655104
1705407218404131072
1705925658219942912
1705670375602394880
1705649939587744000
1706080007575353088
1705927840826328064
1705583618049129984
1705665467294807040
1706238298203198976
1705320828068308992
1706249026005784064
1705988004559347968
1705555906781252096
1705463403291008000
1705145633522894080
1705039862947822080
1704783138810330112
1705039858447128064
1705212048165349120
1705649352500111872
1705550195823896064
1706075361042991104
1705990811944317952
1701071842882413056
1704889486914928896
1705544715880833024
1705241606711543040
1704977249901865984
1705298306150639104
1701159233398465024
1705375612822322944
1705669536281725952
1704334939707219968
1706078580982435072
1704439256473192960
1705239306304544000
1705583609549064960
1705927209461959936
1701158982399581952
1706185311581400064
1709812816054332928
1705907286095641088
1705990001477668096
1706239283679345920
1704855693477468928
1704984171935958016
1705320866867126016
1705416609196737024
1705989262965232128
1705241601711606016
1705212044165428992
1705237515353273088
1705579350356751104
1706186448976517888
1706239138584837888
1704441938429029120
1705384394789901056
1705990000977733120
1704977306993457920
1705736013085549056
1704941784343730944
1705373066581005056
1705735277796273920
1705409311425576960
1704783482302889984
1704956411917649920
1704808797259702016
1704984128937495040
1705384745380635904
1704956414417913088
1705404615604928000
1706079053449440000
1705321778886520064
1705154387832297984
1705495401115440896
1705582232092443904
1705407210404348928
1705555896779813888
1705234215581624064
1705154427828582912
1705730960030167040
1705642527255229952
1705906279619964928
1701159225397203968
1705241440708440064
1706104720014924032
1705925325208832000
1705404618604951040
1705384752379419904
1705635355091312128
1705667397901099008
1705669530280824064
1704984162036313088
1704889297077381120
1704855717980237056
1705665484791982080
1705321754383258880
1705717641635632128
1706193322888492032
1705416773204431104
1705633874091431936
1706248443022125056
1706184139568648960
1705544654886464000
1705405187589797888
1705061479654540032
1705321245578330112
1706167215780101888
1705670389104398080
1702542675389510912
1705320874366831104
1705212051165422080
1705923497607355904
1705320441086846976
1706188616853011968
1705752778366663936
1704335427969353984
1705584904502819072
1705063275299812096
1706080000076444928
1705126568024414976
1705406837025707008
1709812814554468096
1704855502981051904
1705321236078757888
1705649471082771968
1705125725032506112
1705550196823851008
1705125982722202880
1705406838025807104
1706077139951483904
1705649476582603008
1705669876629710080
1705153610793804032
1705288131336804096
1705061194878676992
1705199510868272128
1705234770934757888
1705404812589338880
1706104526326354944
1705144406977645056
1705407212404270080
1704867457581061120
1705241183721777920
1704984080545929984
1705126731536935936
1705406841526259968
1705988357512518912
1705749536999270912
1706238288703236096
1704984072047365888
1705061747561780992
1705906236094758912
1702954563628604928
1705989931472176128
1706184130970272000
1705375630932118016
1706238436188385024
1705732731955025920
1704891521536986880
1705405247095749888
1706167839790656000
1706078585482924032
1705583716058447104
1705132953077757952
1704984471040073984
1706015496232422912
1705298340652250112
1706185142597477120
1705234607053405952
1705375601934040064
1704984472040082944
1706167212779682048
1706239522603945984
1705322600722259968
1706238145204891904
1705241174223503104
1705063229804830976
1705152587325368064
1705409670313819904
1705040006445811968
1705153609793775104
1705929668229033984
1705145483110178048
1705927556119073024
1705989926972268032
1705544710881652992
1705153347817075968
1701158962302856960
1704694182697038080
1705544866565278976
1704346780097100032
1705124488653249024
1706015534737745920
1705134208092600064
1705923498607168000
1705669873129936896
1705585302177758976
1704976805422903040
1705409681909867008
1705125722532604928
1705463195787353088
1705546097430072064
1705991033918508032
1706188420401762048
1705559976873170944
1705663842281245952
1706082779821174016
1706192487350138112
1706076502941664000
1705648604605381888
1705387049634264064
1705237076369669888
1705556957802306048
1705061195878583040
1705373075080741120
1704977299494192128
1705751390486358016
1706238300203259904
1706082710421428992
1705153773774582016
1705663994374377984
1705633805502958080
1706184128970587904
1705990106991046912
1705125722032602112
1705298605660928000
1705669888428169984
1704810487721243904
1705241804207973888
1701158950304347904
1705386381026856960
1701343168971954944
1704952492657924096
1704887450107949056
1704537559223464960
1706102382424368128
1704891565331748096
1705667443977543936
1705925612121064960
1705583718558900992
1705667439477453056
1706076149148389120
1705735268296496128
1705405354583058944
1704336335344659968
1705214139152131072
1705989269464108032
1705126000722913024
1705925657719955968
1705200405318243072
1705669208884730112
1705752774367272960
1705072623533349120
1704980038114520064
1705152216396027904
1705061466656270080
1705200403318665984
1705152220896465920
1705544969054273024
1705907296094350080
1705544974053478912
1705894856797815040
1705497012124922880
1705663916777803008
1705144366484826112
1706163706302854912
1706163932221232896
1705404881582496000
1705722890750918912
1706165725750245120
1704952450664623104
1706168502680849920
1705583199423382016
1706011652934904064
1705721887143052032
1704977076413626880
1706238331200684032
1705409683409888000
1704867400285943040
1706076586146128896
1704769046886064128
1704891788802305024
1704867508784292096
1705497000625399040
1705730962530213120
1705669002893893120
1705321790888340992
1705989542452284928
1705583745062607872
1706012088361186048
1705125746929991936
1701159045888814080
1705665475293633024
1705239304304604928
1706104535826443008
1705416612697080064
1701159289396923904
1706239271177871104
1705927855923506944
1705990208007137024
1705408744451625984
1705732745453146880
1705200372321999872
1705239306804367872
1704782637344172032
1705404813589145088
1705404616104931072
1705241157726393088
1705635497377684992
1705386386026942976
1705722841257176064
1705409363420755968
1705927553618624000
1704855538481062912
1705990217008500992
1705064384663879936
1705463153281198080
1705063235155789056
1705928840826489088
1705463139780432896
1705646053671179008
1705583839567400960
1705298308150910976
1704977249401840896
1705929664229168128
1702954931146976000
1705125570521190912
1705153814372544000
1705635370088555008
1705463099782868992
1704810471719613952
1705410002904440064
1706238143705103872
1706248711035435008
1705153822372280064
1705751384486614016
1706106592818212096
1706106593318294016
1706078623988734976
1705124483654205952
1706186187861564928
1706188419401746944
1705463091782768128
1705647968564186880
1705063367005926912
1705635490376841984
1705043519387273984
1706239517103936000
1705549799831064064
1706248447022787072
1705321761384005888
1705404604604877056
1705664060372267008
1704867908562701056
1706015538738284032
1705386048277573888
1705297245190703104
1705235502501074944
1704952310968851968
1705063364006038016
1705560849842520064
1705560900838652928
1706015528236794112
1706165800337015040
1706078578482098944
1705386056778812928
1705750120710874112
1705147680485370112
1705560851342490112
1706015040259634944
1705545085351567872
1705322605222053120
1704808205768318976
1706076556943661056
1705579363358002944
1705463090782787072
1706011619933189120
1705410014404739072
1705927845825353984
1706193448386530048
1705409145937987072
1706167854290753024
1706239355190003968
1704951825063870976
1704334931207548928
1702954561628229888
1705152040403375104
1706238136206425088
1702954562128420096
1705234882027675904
1705144401978427904
1705042437905420032
1705322981179912960
1705560991129678080
1705386384026809088
1706239516603930112
1705152512321402112
1706078586483049984
1705556942800302080
1705404813089160960
1705550209323438080
1706187796843362048
1705061599393372928
1705750591154150912
1705322255852004096
1704984071547558912
1704809697213539072
1704976151465096960
1704977071913946880
1704959066833658880
1705409364420663040
1705152590825755904
1706104529826295040
1704855529481241088
1705582227091767040
1705409663314055936
1705374751799504896
1705072547023845888
1704956307416272896
1706011431427656960
1705578645974241024
1705927255200517120
1705405247595752960
1705238292322899968
1705234770434774016
1705145475110380032
1704984125437797120
1705751424989164032
1705406833025072128
1705039999946032896
1704783405797682944
1706080003576097024
1702548482796204032
1705153782773732096
1705982378530590976
1705125870516139008
1706011417927597056
1705320562573832960
1705730969030228992
1704805292325872128
1701158958303355904
1701159283397743104
1705236924882638080
1704977070413979904
1706011878064587008
1705039872449176064
1704889379072816128
1704441945427730944
1705320446086547968
1705405895556441088
1704984127937481984
1701072025492602880
1705732741453434112
1705298389149019904
1706015058256321024
1705663914278416896
1702642220020102912
1705646090275461120
1704779049496208896
1705544977552846080
1705463036778725120
1704769871663766016
1705925622122551040
1706166287792820992
1705386385526889984
1704867943057629952
1704956452421276928
1704537768722404096
1704783476303543040
1705669832289138944
1705644705713382912
1705373087579830016
1705544720380100096
1705298155632144896
1705064495154450944
1705667402901888000
1705146761936258048
1701071841382792960
1705463181285233920
1704977023412067072
1704537563724013056
1705153353316293120
1706192485850112000
1705386043776841984
1705134350580140032
1704855537981155072
1706166291792126976
1705544726378987008
1704808203768210944
1706189379885806080
1704891771303161088
1706076145049157888
1705732747952958976
1706166322286651904
1705132968576972032
1705646091775648000
1705732743953111040
1705929654729469952
1705126565023909120
1701159153386042112
1704977069913978880
1706189335888850944
1704782650344043008
1705409162440023040
1706166490793606912
1706011819070439936
1705042444406333952
1705582244593371904
1705547524287266048
1706192481850251008
1705559978873411072
1704892275503162112
1705927546117605120
1706082775821200896
1705755262924884992
1705214136152649984
1706167653803394048
1706012089361189888
1705321248078243072
1706239155186989056
1706163641195087872
1705404800591475968
1705749545497812992
1705667351396500992
1705728148128697088
1705753709078001920
1705579833926522112
1704694183696838912
1705152259898301952
1705470248250675968
1705663843281381888
1705237299844708096
1706239332686689024
1705146755935323904
1705642534755257088
1705063329504623104
1705923496607501056
1705124481654479104
1705152046403003904
1705751027517108992
1705241798207303936
1705405363081459968
1705320873366921984
1705927547117754112
1704889063072782080
1705029239997532928
1705667436977178112
1705200287326123008
1705241656712743936
1706239347188722944
1704694184696737024
1704979215672777984
1705409997904800000
1705152173401659904
1706239760292086016
1705325605652128000
1705752771367542016
1704891792302253056
1705064394664889088
1705982376530302976
1705404548501093120
1705923900101309952
1706190021787919104
1705579366358116096
1705669870129993984
1705241600711599104
1705040000446060032
1704782630845046016
1704778991003163904
1704334935207460096
1705559980873561088
1705646058171752960
1706238329700762880
1704783135810864896
1706167661203429888
1705907292094864896
1705550150328634112
1705323676865454080
1705648609605361920
1705663869283502080
1705730988528131072
1702642220520114944
1704537763221705984
1706238144204912896
1706012086361110016
1705649332502759936
1706079939980761088
1709812803054486016
1705409659814138112
1704439266971151104
1704335217477510912
1705649467582930944
1705072570827238912
1705754121670298880
1705061597393501952
1705927209961897984
1705583735561241088
1705730961530191872
1705926013260145920
1705320966564540928
1704956299417125120
1705906239594628096
1705546106928420096
1705667397401163008
1704984081545709056
1706080002076215040
1705667335395962880
1704891552333164032
1705061476154968064
1705649368497673984
1705153815872546048
1705980562635279872
1705404815588806912
1705153621793776128
1705145796101547008
1705320895363320064
1705407213404279040
1705664143874029056
1704976959907453952
1705384382292186880
1705556739301071872
1705214136652452096
1705404801591385088
1705926379730569984
1705583708057221120
1705555890778906112
1705544781470846976
1704694180197270016
1705212051665404928
1705736014585434112
1705132647575813888
1706104128400080896
1705134356579064064
1705320450585889024
1701343172472545024
1705320812568292096
1701159154386153984
1704537561723760896
1705665469794749952
1705321337082518016
1701342690490979072
1705200373821649920
1705040851925612032
1705407709036928000
1705556949301198080
1705583321576141056
1704889283579716096
1705323610217129984
1706015041259404032
1705555901780489984
1706189136849157888
1704977241402086912
1704984501038201088
1704952494657484032
1705549802830537984
1706167216780219904
1705544791469294080
1705669840289969920
1705648568779896064
1705126342215737088
1704977245901946112
1706239269677768960
1705321800372626944
1705583333577307904
1705320816568359936
1702954937647995904
1706076169944594944
1706163697301538048
1705663915278206976
1705927849424786944
1705649483083375104
1705497002625306880
1705298350152350976
1706104118900824064
1705670379102981888
1705072551524801024
1706188433899930880
1705649331502977024
1705153561293989120
1704810482220464128
1704941776843670016
1705125997723032064
1705906231594900992
1705752775867057920
1705152054903076096
1705470236248860928
1704984151536815104
1705925660719476992
1706015526236528896
1704951832563879936
1705385243754379008
1705463409791088128
1704441874934840064
1705925322208985088
1701158960803023872
1705320872366904064
1705241661212802048
1706166289292425984
1704951836563928064
1705061471655642880
1705463051279005952
1705491388095428096
1705544682884284928
1705321782387094016
1704807276310277888
1705750585654246912
1704897005040762880
1705649293004623872
1705544933959958016
1706165733748892928
1704984145536945920
1706248708034927104
1704867506284360960
1705325207664250880
1705416774704148992
1705407694536820992
1705754845754426880
1705646107277889024
1705749568993617920
1704951836063920128
1705648561780058880
1705322979680025088
1705241443208677888
1705491374095704064
1705063278299866112
1705151113435232000
1705214114655378944
1706106600819088896
1705982402034121984
1706012081861153024
1705152503820237056
1705667151399314944
1705125881516968960
1705144399478957056
1705644703213466880
1701343176473267968
1705730981529099008
1706185149096435968
1705497008125117952
1705319916095488000
1705583740561984000
1705635361090180096
1705234208082955008
1704867467582188032
1705125742929394944
1704783136810755072
1705214115655377920
1705982377030508032
1705318769141104896
1705374760799548928
1705125920517849088
1706192383264947968
1705408739950853120
1705907280095926016
1705579824726861056
1705320406090528000
1706249023505824000
1705546172524741888
1705125881016954880
1704781943834254080
1705040850425894912
1704808798259719936
1705755257925833984
1705408560384256000
1704867940058160128
1704808790758983936
1705241442208563968
1705550141328510976
1704979216172836096
1704694176697825024
1705039909450875904
1706185617071700992
1705407689536751104
1704956418418259968
1706011885563514112
1705750603654179072
1705583841067187968
1704809701714085120
1705550149828628992
1704897006040678912
1705649933587544064
1705752513130589952
1705298252642584064
1705126435009725952
1706239526604020992
1705927856423499008
1705042440905881088
1706165723750629888
1705927238698996992
1705752520130609920
1705663867783560960
1705320450085923072
1705320554575085056
1706165726250064896
1704335220977053952
1706186443976482048
1705125723532614912
1705124486153549056
1705556734801993984
1706239151686838016
1705322990679539968
1705134353579603968
1704782636844208896
1706238297203322880
1705406323960547072
1705132649576097024
1705072633033408000
1705722844256691968
1705323621716776960
1705134343581443072
1704694169698213888
1705063224805005056
1705407214404177920
1705732749952888064
1705750586154279936
1702954820147766016
1705989523021220096
1704956317415294976
1705064392664729088
1705144403478191104
1706104559824547072
1705241155726821888
1705989933972389888
1705323680211205888
1705667155398711040
1706163745208657920
1705463407791065088
1705549790332721920
1706076510941696000
1705925311209417984
1704779087997223936
1705753118350509056
1705926023260367872
1705721309619193088
1705234848029159936
1706104563824183040
1706078583982842112
1704769592689632000
1706167842290726912
1704891787802397952
1705152223396812032
1705925605620193024
1709812807054280960
1705320564573519104
1705583436569645056
1705990395014010880
1705063234304694016
1704441933429826048
1705990201506253056
1705289046074887936
1705321809871708928
1705042444906507008
1706188427901050112
1704956450921107968
1706166491293690880
1705153310318436096
1705235504001008896
1705649937587597056
1705040860923853056
1705406409048594944
1705579825726768128
1705721312119412992
1704769811864803072
1705408483489336064
1705039965452045056
1705320963564165120
1705072617032592896
1705635489876884992
1705125695126429952
1705214108155624960
1705375614822193920
1704867460081230080
1705584914501588992
1705584905502713088
1705134095078288896
1705409550428720896
1705407722035896064
1704892272003700992
1705544722379700992
1706239342688091904
1704956426918415872
1705927244199762944
1705320897862819072
1705560978131781888
1704782635344456960
1704335219977028096
1705235506000932096
1705061477654821888
1706193330889668096
1705061745561381888
1705062742304718080
1706166288792616960
1705321241078441984
1705928693320400896
1706239142085307904
1705213693663304960
1705990111491180032
1705751431490052096
1705923495107899904
1706082777321122048
1705669883394864896
1704537774722895104
1705544961555763968
1705406371554447104
1705923894101495040
1705906289618571008
1705755258425818880
1704336343845248000
1705927248200453120
1706166318287356928
1705405892556508928
1706104724513982976
1705321243578488064
1705152178900845056
1705134097578577920
1705642520255236096
1705409536931411968
1705043493888164096
1706185337679326976
1705407176410383872
1705646056671582976
1705408741451153920
1705072583329320960
1705646059672079872
1705234613553244928
1704336342345220096
1705988490502283008
1706238337700839936
1705904274016125952
1705375600434255872
1705990209007267072
1706011656434867968
1704891795802044928
1705927254700519936
1705669213383956992
1705320962064096000
1705732733954866944
1705736057483084032
1705153808872823040
1705406835525524992
1705152585325250048
1704334938707307008
1705752256642491904
1705405235595749888
1705633802503144960
1706186224856925952
1705664000373469952
1705153605294412032
1706248712035601920
1705152177901044992
1705125826016238080
1704974794521203968
1705928674322396928
1705373076580665088
1705409365420569088
1706249013506949888
1705298245641684992
1706079937481103104
1705318830639958016
1705134099578938112
1705320403590902016
1706186192861420032
1705214114155465984
1706185147596526080
1705126121508358912
1705928676822341120
1705583707557177088
1704867918561829888
1704979892508517120
1704783410798417920
1704977295494337024
1704952451164615936
1705753129848258048
1705647970564256000
1706188617852664064
1705127001055766016
1705298602661433088
1704979889508931072
1704889065572841984
1705061197878138880
1705893526401991936
1705321792888612096
1704441938928908032
1705463190786616064
1705735246397590016
1705072542523287040
1705029242497712128
1705980568635896064
1705990002477769984
1705234836029564928
1705460374813851904
1706186226856555008
1704979225671097088
1705644706213260032
1706078573481645056
1706249023005831936
1705893720046215936
1706192392264530944
1705154391831547904
1705374755299561984
1704778992003060992
1705929660229262080
1705928463406024960
1705154389331985920
1705409664313946112
1705556737801384960
1705324183680449024
1705989923972317952
1705200288326252032
1706015050757714944
1705406326460175872
1705670387604199936
1705647935062085120
1705408481989160960
1705923902101257984
1705144365485043968
1704335225976889088
1704956313915333120
1705124484653955072
1705924627961201920
1705989791480286976
1706185211688092928
1705753705078308096
1704855690977103104
1705907286595720960
1705753116350589952
1704781945334117888
1706104300907005952
1706188432900163072
1706078581482395904
1705289043574496000
1709812812554469888
1705755257426032128
1704694181197160960
1705409638405250048
1704779053996083968
1705322604222155008
1706185608571697920
1706189145848388096
1705751383986586880
1705663908279491072
1704335214977809920
1705635357590686976
1706166294791515904
1705241595711543040
1705152235396666112
1705669535781789952
1705583708557359104
1704783466803761920
1705925583717441024
1705928838326031104
1705145634022896128
1701158965302337024
1705648563779739904
1704810483720655872
1705241794206859008
1704336344345281024
1704810479720009984
1706187433374205952
1706239280678895104
1705928687321277952
1705404601604848128
1702548483296403968
1705406327460065024
1701159284397638912
1704977075413832960
1705722882351172096
1705669898426759936
1705560838842509056
1704977287495224064
1706104297907065088
1705583737561619968
1706238336700805120
1704779090497296896
1705406406048902912
1705893736546233088
1705409687409932032
1705153807872839936
1705545088851931904
1706186446976518912
1705670576284175872
1705669850291443968
1706238152303728128
1705755263924687104
1705583705056759040
1704867464581808128
1705386060279280896
1706193633388006912
1705405896056463104
1705153826372119040
1702954837646287104
1705750588154217984
1705241173223614976
1704808207268602880
1705406771922298112
1709812847554080000
1705321759383813888
1705061271947749888
1705375633931516928
1705238283822025984
1705409634404634880
1705646060672240896
1705126726537037056
1705072670033551104
1705721307618818048
1706015055756879104
1706104724014192896
1704335215477911040
1704336334844488960
1705990389514939904
1705404548001069056
1705544870564569088
1706011651934886912
1705732734454659072
1705152509820954880
1706010621128913920
1706166496794540032
1705072653533504000
1706015536237812992
1705234881027890944
1705460382314419968
1704977237902266112
1705407694036806912
1705633881590202880
1704810480220186112
1705669888394624000
1705544572884166912
1705649328003184128
1705386996139678976
1705125874016502016
1705234217581313024
1705320257090702080
1706075350568049920
1706076170944407040
1704951837563939072
1705546176025078016
1705645769618971904
1701071843382393088
1705405234095714048
1705749546997501952
1704887450607932928
1705152232396846080
1705320896363109888
1705386539289303040
1705145482610281984
1705752257642395904
1705988346012466944
1705583317575561984
1706248767534280960
1705556748799554048
1705416600695859968
1705043524386925056
1705751026017405952
1705323685211825920
1705039996946471936
1704892273503473920
1706248416521210112
1704889393572769024
1706168503180638976
1704974792521065984
1705894851298744064
1704977080913065984
1701159037390333952
1709812846554107904
1705635506377847040
1705238289322601984
1705649347000818944
1706193618890028032
1705241669212783104
1704897013040478976
1706238142705296896
1705325211164227072
1706011888562996992
1705583506560192000
1705581829379706112
1706015043258981888
1705406821024550912
1705125747729481984
1701343175973085952
1706186447976552960
1705646059171884032
1705404801091290112
1705147672485212928
1705144359486142976
1705751430489812992
1705556732802295040
1705237521854084096
1705125755228194048
1705645776119028992
1705644582668113920
1705990118499164928
1704984159036392960
1705583622049065984
1704943194522062080
1704783141809790976
1705409974905592064
1705153346817193984
1705990103999284992
1706156254980673024
1704976803922888960
1704783146808957952
1705154432328434944
1705664145873953024
1705288134336745984
1701072035991936000
1706011645934880000
1705550204823550976
1705320871866917120
1704979509444422912
1705579821527032064
1705212081668915968
1705406841026182912
1705583614549378048
1705408747952172032
1706011622933114112
1705927206461555968
1706248760534245888
1705153622293785088
1705408466986951936
1705583444568105984
1704441870935034112
1704867404786078976
1706076189441181952
1705753121349841920
1705556944300528128
1705072537022540032
1705042445406440960
1705988002559470080
1705408473487823104
1705893532901516032
1704951828063817984
1705061199378018048
1705063256301105920
1706015060255896064
1705545085851650048
1706104721514530048
1706015495732355072
1706168499681267968
1706013420056137984
1705673662332014080
1705132953577763072
1705735248397611008
1704952533656154112
1706076172944112896
1705385234254305024
1705635492877211904
1706075256060944896
1705544715381039104
1702954923146052096
1705669881894834944
1705906228094857984
1705732745953024000
1705408475488073984
1705989552452579072
1704336340345270016
1705061480654441984
1704769598688614912
1705544961055774976
1705320255090718976
1704867920561613056
1705151112935436032
1705064387164186880
1705649278505771008
1705125731531845888
1705546170024506880
1705491387095640064
1704783137310560000
1705669853291866112
1706104560324623872
1705125566520599040
1704779173999431936
1705320966064451072
1705234777934063104
1706163750709543936
1705649279505656064
1704805297325658112
1705663880783066112
1705320820568338944
1705544685884365056
1704439265971360000
1705924619962372096
1705409663813968896
1705409549428924928
1705925612621268992
1706187425875419904
1704335217977319936
1705319911096110080
1706009601641014016
1706078576482055936
1705386532290490880
1705648008063019008
1705559972373299968
1705751382486695936
1705126004722959104
1705990098999938048
1705750111712055040
1705298345652242944
1704956362416546048
1705408726948929024
1705404894083823104
1705988488002833920
1705416603196069120
1705406337458736896
1705560986130626048
1705386389027426048
1704887511097206016
1704891560332338944
1705927218463187968
1705323657711832064
1704782630345231872
1705405893556518912
1705147671985204992
1705755952130900992
1705320214585261056
1704887571094249984
1705416602196047872
1705040847926285056
1705241607211547904
1705491384095734016
1705063334504653056
1705151123933385984
1705373066081088000
1705404610104956928
1705752779866387968
1705990212007801088
1704952532655909888
1705321238578661888
1705755958130806016
1705405364581230080
1705579389860026112
1705153620293760000
1705634003076375040
1701159042889318912
1705213690163406080
1705980566135645952
1704977014911949056
1705497008624972032
1705072535522532096
1705644592266386944
1704694171198144000
1704984483038829056
1706163742708368896
1705144402978205952
1705321246578383872
1706075760048986880
1705649358499287040
1705735251897683968
1706012073861007872
1705556739801059072
1706163636195261952
1705583505060654080
1705927254200510976
1705546168024332032
1705549790832707072
1705665479293099008
1705407721535895040
1705752769867811072
1705928319186610944
1706186454476544000
1705241426206264064
1704952585462159104
1705210766565443072
1704808207768606976
1706163703802652928
1705583607548817920
1705200375821165056
1705730990527994880
1705583486561584896
1705736054982863872
1705384396789605120
1705663849782057984
1704783137810544128
1704808793259214080
1705669204385612032
1704441870435011072
1705493387094291968
1702548481796078080
1705754117170839040
1705154441829479936
1706078627488770048
1705384383791966976
1705241665212846080
1705550140828506112
1705406816524393984
1704977076913701888
1705040855924856064
1705491387595602944
1704976158464903936
1706167660803444992
1705320449586104064
1705669539782323968
1704537574225651968
1705989518522025984
1705560768137466112
1705320221586225920
1704855701478607872
1705298215137166080
1705752770367695104
1705664142874114048
1705929672728922112
1705237290845175040
1705490843101929984
1705928836825809920
1705560899338797056
1705039999446092032
1704889377072793088
1705928690320896000
1705405900056257024
1705061744561230080
1705663992874596096
1704537757721245952
1705735252397690880
1705928310688220928
1706192107900079104
1705146759435987968
1706075763049421056
1705560780138938880
1705200373321821952
1706187679253419008
1704334936207375872
1705728149128721920
1705200404818257920
1706239764291209984
1705241158226377984
1705147702586267904
1706163701802257920
1705298158631977984
1705150344047172096
1705154277349393920
1705988485503256064
1704977287995030016
1705153354816011008
1705072627533414912
1705375591435885056
1705126426509935104
1706011424427595008
1705320452585637888
1705234214581838080
1704984493038219008
1705241673212817920
1705152053403072000
1704979988607910912
1704439263971685120
1705384380792461056
1705544661886605056
1706011650434862080
1705132955077783040
1705664103375546880
1705213688163481088
1705145792102307072
1705460383314551040
1706080011574688000
1705153772774797056
1705145630022906112
1705321805371740928
1705298214137039104
1705234206083408896
1705320815068314112
1705663874783273984
1705495387617360896
1705063237155844096
1705063363506035968
1705635363589763072
1705635491877043968
1706082174424944128
1704889383072719104
1706248759034224128
1705928320686536960
1709812842054098944
1705132969576858112
1705039976950074880
1706239353189658112
1704984069047898880
1705063359005957120
1701158990898211072
1706189371885822976
1705729415929551872
1706187673854419968
1704980046115581952
1704984081045914880
1705154391331557888
1704781941834333952
1706238327700710912
1705234884027360000
1705495353617783040
1706193623389067008
1704805297825640960
1706188617353019904
1705200397818951936
1705667386399494912
1705928834825538048
1706166308289184000
1704335223976943104
1704984145036928000
1704943194022044928
1705409161939834112
1704891564831837952
1705154435328802048
1705735267796670976
1705560885840835072
1705581926086040064
1705460367814093056
1704889347071891968
1706106602319220992
1701159288397150976
1705320557074867968
1705405177088325888
1706239271678041088
1706167651803347968
1705145477610238976
1706186191361559040
1706010223633644032
1705153778773923072
1705667202401648128
1705730983028974080
1706011885063723008
1704889289578654976
1704984153036613888
1705665476793415936
1705894857797622016
1705409684409899008
1704979508444506112
1702954916645552896
1705928302689547008
1705126116508468992
1705409971406136064
1705061740560614912
1705750110212177920
1705061183380086016
1706248767034275072
1706184141568435968
1705928303189538048
1704810487221058048
1705722849755731968
1705645779119008000
1705646049170361088
1705670078304944896
1704889390072837120
1705407201405993984
1706165736248236032
1705125871516236032
1705150342547460096
1705560834342586112
1705199573859176960
1705491382095673088
1705544776971749888
1704976805922912000
1705633886589284096
1705408573882731008
1705493381095128064
1705375628932132096
1706166326285978112
1705583429070799872
1706238326200666112
1705320209584478976
1705125985722571008
1705126345216229120
1704984476039769088
1706163637195290112
1705648566779823104
1706248714035875072
1705061478154654976
1705560850342512896
1705404798591736064
1704977299994215936
1705923403712896000
1705063226655712000
1705649468082958080
1705235499001211904
1705298147133574912
1704891795302110976
1705732739953650944
1705039861947688960
1705072622533155072
1706167221280946944
1706011883064133888
1705154298846179072
1706076144549167104
1705288135336765952
1706076141049667072
1705642534255360000
1706192389764764928
1705736052982588928
1704956304916771072
1705495387117458944
1705460380314384896
1704980045615575040
1705409660814147072
1704537574725694976
1706187432374415872
1705754846754201088
1704889069572846080
1705063254301523968
1704956412417598976
1705647933061828096
1705927238198908928
1705722885750981888
1705555902780720896
1705904272516354048
1706076145548972032
1705927244699813120
1705408734450181888
1705234600553668096
1706166504295667968
1705416778703735040
1706013412555158016
1705749541498528000
1706239268177559040
1705893528401881088
1705642525255303936
1705497006125133056
1704537764722012928
1705125996722990080
1705645768118949888
1705234210082661888
1705670852203963904
1705579824226833920
1705752772867405056
1705751018018432000
1706248766034243072
1705375620821981952
1705061199877809920
1706078587483273984
1705039856946898944
1705064390664502016
1706166309788784128
1706015045258684928
1705322973780215040
1706238334700749056
1705153606794152960
1704782642343975936
1705404808590104064
1706192428259380992
1705234189084262912
1705406789421763072
1704887440108827904
1705544573884185088
1705241805208093952
1705125986722808064
1704956379416076032
1706238445188065024
1705298344652333056
1705495434113020928
1705669533781420032
1705234605553477888
1705375622432352000
1706192479850334976
1705151121933805056
1706013420556337920
1705927839826505984
1705406377053468928
1704984156536470016
1705581827879368960
1705732751452936960
1704779088497281024
1706076138050290944
1705583729060347904
1705416595695577088
1704977292494414080
1705125918017956096
1705648009062916096
1705212050665419008
1705408465986896896
1706192386264857088
1705132964577574912
1706082785821278976
1705072624033351936
1706011429927600896
1705989805481518080
1705544711881549056
1702954929646821120
1705237922354928128
1704979526441803008
1706076149648304896
1704783474303759104
1705064360661277952
1705408473987907072
1704779052496150016
1704956484926202880
1705387007139644928
1705234847529175040
1705375629932078080
1705234204083692032
1705728143628852992
1705234837529596928
1706248761534267904
1704889378072807936
1705237067871101952
1705556951301559040
1704979228670586112
1705647967564300032
1706104719514934016
1701158961302989056
1701072024992605952
1705753699579205120
1705991031918916096
1705717641135642112
1706104128900107008
1705751020018236928
1705125684925005056
1705925667218352896
1704977021912026880
1704336338345089024
1705560979131569920
1705144406477660928
1705072665533500928
1705406948026425088
1705321799872825088
1705042440405678080
1705664106375404032
1701159232898425088
1705649364498400000
1705237583860140032
1705236934382310912
1705237519353594880
1705929669728975104
1704781954833886976
1705039873449308928
1705665126030514944
1705893729045656064
1706193329389585920
1705320253090610944
1706186190861530112
1705152234896753920
1705152227396930048
1705546105428818944
1705384390790718976
1705980560635127040
1705989267964322048
1704977129407350016
1705234202583800064
1705664066372847104
1704952489158419968
1705298142634291968
1705544579884314112
1704867499783396096
1705989797981083904
1705582244093369088
1705581836880722944
1705550143828548096
1705039975950287104
1705729412929598976
1704895591553707008
1705664061872371968
1705924628461018880
1705647927061256960
1706165728249777920
1705991035418220032
1705665128530027008
1706167205779132928
1705241603711554048
1706015533737517056
1705928319686640128
1705633882589972992
1704779050496217088
1705749571993128960
1705405906556036096
1706082641816068096
1705727525162275072
1705144374983384064
1706015529236986112
1705214115155352064
1705375619932395008
1705072547524025088
1705063330004635904
1705154395830981888
1705241604211540992
1706076187941590016
1705990382016267008
1705495402115227904
1705125734928256000
1705578815975500032
1705064503654076928
1705667445477577984
1701158983899345920
1706239518603904000
1705061472655536896
1705544777971654912
1705375632931717120
1705990115998811904
1705064502654085120
1705408563384218112
1705144404977908992
1706009601141079040
1705991026919636992
1705559975873106944
1705583734061177088
1705406839025935872
1705061595393485056
1704984477039666944
1705384741381381120
1705583442068442112
1706166281293945088
1706075358543063040
1705200289326256896
1704855540481111040
1705928305595546112
1705134106079987968
1704891517037936896
1705546099429658112
1705583437069448960
1705322980679926016
1704889075572166912
1704984168936051968
1706238299203208960
1705147699586472960
1705670567283983104
1705544930460086016
1705649279005650944
1705154285848214016
1705236929382437888
1706104131900008960
1705236927382600960
1705409680909854976
1705990110991161088
1705385247754085120
1702954841145775104
1705234190084164096
1704956303417027072
1704867940557967872
1705323612217031936
1705649480082991104
1705751393986319104
1705134345581117952
1705234844529370112
1704943198022138112
1706239139084884992
1705669830288881920
1705321325582001920
1706015498732762112
1705386534789981952
1704867510284325888
1704887453107412992
1705579387859768064
1706248409520879104
1705153561794074880
1705722837757477888
1705040857924419072
1705925581717510912
1706239285679656960
1705234609053410048
1705893726545721088
1705126135009694976
1706163709803463936
1704977239402194944
1705544782470750976
1705991028419422976
1706015054257089024
1705039901950009088
1705039977949869056
1704889351071845120
1706167213779814912
1705040005445824000
1705490853601479936
1705549801330838016
1705234203583698944
1706104530826316032
1705990107491056896
1705642533255340032
1705061467656133120
1705927539616427008
1705751389986380032
1705132959577721088
1705579361857988096
1705063223155735040
1705670577784267008
1706166304789700096
1705647969064195072
1705126117008492032
1705405893056532992
1705405366080820992
1705729413929622016
1704855535981126912
1706239787688350976
1704956444420067072
1705989792980613888
1706106604819233024
1706075761049138944
1705386994639654912
1704808210768536064
1705581928085726976
1705544871064558080
1705320254090625024
1705151120933907968
1704769817363788032
1705241176723064064
1705750593154056960
1705384743880848896
1705234609553280000
1706186221857021952
1706189335389028096
1705320867867031040
1704956425418414080
1705907285095842048
1705583445567875072
1705322983679830016
1705490850101646080
1705665132029509888
1705990207007016960
1705145634522896896
1701159100885070080
1705989280462195968
1705212041165412096
1705134200591578880
1705664055871636992
1705926017260581120
1705667394900719104
1702542683890631936
1705321250578178048
1705583493561294080
1706076165445494016
1705409997404777984
1705241189720712960
1705987993561029888
1705649327503176960
1705990807945006080
1705583322576261120
1704537560223591936
1704897009540613120
1706165799337195008
1706185612571759104
1705409631404442880
1705982369529377024
1705241827209228032
1705234781933647872
1705234210582646016
1705409975405540096
1705665131029607936
1705928837825982976
1705990383016184064
1705132637574969088
1705241602711513088
1705463093782799104
1705669209884624896
1702954561128291072
1704952309468652032
1704769047886188032
1705241143728956928
1704959064334022912
1704979218172389120
1705408731949661952
1706185305081040896
1705374763799592960
1704810475219686912
1705235506500918016
1705124486653536000
1705147676485394944
1705463152781153024
1705893734045890048
1704346789595705088
1706238439688269056
1705287729364434944
1705373072580795904
1701158981899791104
1705649281505750016
1705647925561099008
1705237932353464064
1705491375595751936
1705560847842568960
1705241797207300096
1705147681985679104
1705321332581927936
1705463142280357120
1704956363916404992
1706011356421432064
1705407174410821888
1705584910001960960
1705583191922110976
1705989928472235008
1705728153628488960
1706248443522170880
1705385248753986048
1705072672033574912
1705736050982461952
1704956304416783872
1705320955563363072
1705667444977563904
1705579818127715072
1705319904597004032
1705325598651045888
1704984619036916992
1704977014411966976
1706248763534309888
1704867946057111040
1705298393148997120
1704984173435628032
1705125688925527040
1704779046996278016
1705241662712823040
1704980034114098944
1704781958833705984
1705906288118831104
1705125747430077952
1705287723864420096
1705546167524154880
1705670852704165120
1705646106777840896
1706239759292122112
1705235500001351936
1705320442586870016
1706238439188239872
1705406776422171904
1706076561443747072
1706079941480709888
1704537561223716096
1704782632844783104
1705988356512515072
1705582246093421056
1705144371484054016
1706010611628965888
1706079050449039104
1705321340082793984
1705241439208111104
1705633868592350976
1705237061872175104
1705582226091750912
1706015491732454912
1705153617293873920
1704976804922900992
1706011620433196032
1705556955802080000
1705408482989137920
1706082184925255936
1705749569493409024
1705923497107490048
1705132963077885952
1706239348188830976
1705754846254217984
1706193234881967104
1702954920145886976
1705409159439536896
1705732740953445120
1705153318318959104
1705669005894292992
1705125801519913984
1705318764140524032
1705323665211539968
1705735278796229120
1705578816475490048
1705124493652275968
1705212046665445888
1705407687036702976
1704897004540777984
1705646104777596928
1705990104499205120
1704952574962073088
1705320560574228992
1705039931953671936
1705072664033487104
1706185296081310976
1704984473540120064
1705237074869974016
1706239783188485120
1705579838326362880
1705125564520219904
1705042438405465088
1704891762304749056
1705325605151911936
1706167659303387904
1705648565279792128
1705670071806153984
1705405894056542976
1705404600604837888
1704980000609625088
1706186455476498944
1706011296421030912
1705667352896695040
1704769873163791104
1705990213007943936
1705072622033061888
1706079945480035072
1705581923086502912
1706076499941234944
1704805279324465920
1704892281502017024
1706079055949549056
1705124496651791104
1702954934147313920
1705555892279127040
1705673666332656128
1705234179584925952
1705405355582842880
1705126118008485888
1705927552618490880
1706163934220961024
1706187678253630976
1705319901597488896
1705670572283802112
1705560780638947072
1705583717058635008
1705556943800348928
1704952535656419072
1705405188589907968
1705146756435529984
1704889340071941120
1705154433328556032
1706079948979500032
1705754118670742016
1705241430206893056
1705926372730504960
1705237304843827968
1705152052403060992
1705544587384410880
1706011421427555072
1705721308618959872
1705408727949050880
1705144366984808960
1705647972564320000
1706166275294989056
1705646051170753024
1705237527354825984
1705729412429588992
1706076153147715072
1705749564494368000
1705581924086500096
1705991030419127040
1704807277310196992
1706167839290648064
1705064506154180096
1705152228896851968
1704952444164708096
1705297252191301120
1705320252590714112
1706104528326382080
1705928832325398016
1705988348512412928
1705321237078635008
1706011354921378048
1704891551333378048
1705732747453074944
1705386533790185984
1706078636488866048
1705125828016143872
1704779167498501888
1704441932929914112
1705214107655606016
1705134210593050880
1705735264796967936
1705495667332478976
1705546105928624896
1706189138849095936
1705409148938362112
1705928680322286080
1704887512596796928
1704810486721015040
1705237069370968064
1705125987722894080
1705923409213466112
1702642217520186112
1705730982529003008
1705752770867770880
1706167649803424000
1705210775065661952
1706106601819113984
1706011648934835968
1704979987107577088
1705990386015614976
1706239769290396928
1704977018412015104
1705039965951961088
1705634268555024896
1705039974450511872
1706102380424752896
1705408566383817984
1702954918645625088
1705145484110185984
1705063258300765952
1704855697478099968
1704952581462083072
1705649359999038976
1705321788874944000
1704889071072717056
1705928308688471040
1705544935959876096
1705287721364364032
1705234207583172096
1706080000576527104
1705669836289554944
1705125737928653056
1705579390360271104
1705409142937724928
1705409149438316032
1706238136706414080
1705297242190763008
1706012074861144064
1704956493927026944
1705039933453582080
1706076147148804096
1705234842529458944
1705126344216092928
1705544896961313024
1704984076046779904
1705386047277440000
1706186191861441024
1705147702086233088
1705386389527362048
1704979218672374016
1705900310491572992
1705132956077797888
1705200370822091008
1705736002586827008
1705406839526009088
1705238284322089984
1705072536022502912
1705495430613451008
1706166344382853120
1705321247578288896
1706102381924588032
1705667396900961024
1705722852255248896
1706193237381436928
1704980044115365888
1706011362421544960
1705375617432463104
1706163631695458048
1705560836842480128
1705925594718468096
1704889394572779008
1706185215188047104
1704855514481497088
1705064355660784896
1705125990722926080
1705989279962206976
1705151124933144064
1705990200506113024
1705384750379830016
1706248704534377984
1704977123908410112
1704952528655744000
1704889293077925888
1705548490232410880
1705237301844390912
1705736051982610944
1705322977180104960
1706193617890119936
1705550205823563008
1705409539430821888
1705200287826184960
1705560841842520064
1706188413902028032
1705750113211924992
1705544868564980992
1705039863947958016
1705906237594693120
1704889350571835904
1705925613621449984
1705406812524005120
1705900306491682048
1704808798759892992
1705239301805093120
1705925649221529088
1706193619889790976
1705134197091015936
1705990388515137024
1705234776434107904
1705929666229071872
1705549791332620032
1705072659533541120
1704810467219685888
1705234772934329088
1704892282002008064
1706238318700939008
1705544888462736896
1705923900601338880
1705579822027016960
1706165805836072960
1705323649712694016
1704956303917011968
1706239338187522048
1704977298994208000
1705463093282795008
1705647936562270976
1705929667729005056
1706192480350201088
1705063227804948992
1704891792802137088
1704984075046974976
1705040856424840960
1705923407713369088
1705145483610180096
1704887574093740032
1705318767641029120
1705670087803314944
1704537764221839872
1704335224976988928
1705925590217978880
1705754115670776064
1705153779273835008
1705735256897675008
1705063287800604928
1704855710479952896
1705289037573611008
1706193334890267904
1706075355543354880
1705647978564314880
1705989543452291072
1705549793832098048
1705750589654134016
1705210777065581056
1705722878351400960
1705153356815692032
1705633999576545024
1705153556293180928
1706012083361185024
1704984074047008000
1705752782366084096
1705125797020708096
1705906279120135936
1705990391015083008
1705584897003909888
1705989930972139008
1704893822092279040
1706166317287561984
1705495350117742080
1705989521021624064
1705210774565683968
1705153554293081088
1705646267791048960
1705039900449984000
1705321810371620096
1705988000559756032
1705583719058832896
1705241150727694080
1705990382516101888
1701159156386387968
1705583738061690880
1705238295822661888
1705736044982144000
1706238437188315904
1705321784875246080
1705239310303913984
1705043490888408064
1706238446687985920
1706184874098397952
1705298395149149952
1705923889101649920
1705583837067947008
1705497000125409024
1706013414555389952
1706077138951323904
1706079046448610048
1704867453081234944
1705406403049523968
1705404807090266880
1705320869367074048
1705669889427961088
1705238282322050048
1705125704127111936
1705320557574853888
1705072618032717056
1705927256700414976
1705321779386729984
1704335421969353984
1705925583217417984
1706012085861213952
1705544658386533888
1705321801872498944
1705125917517960960
1705581927585741056
1701158993897702912
1706080010574893056
1705752776367024128
1705544973053575936
1705241825709192960
1704979521942600960
1705145627022844928
1705154380333639936
1704537562223959040
1705289044074541056
1706076502441553920
1705318822641381888
1705644581668205056
1705752782865862912
1705298157632072960
1705555905280919040
1706104725513786880
1705144405477893120
1705928467906620928
1705646050170615040
1706185145596953088
1702954821147727104
1705560897839066112
1704537578226128896
1705735271296166912
1706163930721510912
1705039930953657088
1705904274516069120
1705927851424414976
1705989259465743104
1705289049575287040
1705200328824212992
1705145480610266112
1705923499107267072
1705583847066128896
1702642227019843072
1706187797343561984
1705153782273748992
1705061272947876096
1705578814975611904
1705752766868275968
1705321330081724928
1705669843790535936
1705298392648997888
1705153355815906048
1705582223091717120
1705147678985292032
1705670380103226880
1705669879894913024
1705727528662264064
1701342691490895872
1705670704296915968
1705405191590414080
1704779047996312064
1705072573327721984
1705583710057508096
1705039939453694976
1705544662886522112
1705152594326240000
1705061277448386048
1705463087283294976
1705989925972250112
1704769601687984128
1705237517853422080
1706239525603998976
1705642520755240960
1706082709921415936
1705406372054432000
1705289042074275072
1705029235496919040
1705374763299587072
1706076578545122048
1706184888100398080
1705583720058959104
1705320438086803968
1704984128437473024
1705752263641501952
1701159278398342912
1705673663332148992
1705579817627919104
1704952312469037056
1704952307968459008
1705560838342497024
1704782641343958016
1705409372419352064
1705387005639621120
1705320956063411968
1704889067072858880
1704891565831734016
1705647972064271872
1705982376030256128
1705126567024165120
1705463400791064064
1705061470155792896
1705755264924634112
1705239303304814080
1704984070547783936
1705669205385517056
1705298390648943104
1705063230304852992
1705040000945922048
1705547523787328000
1706075259060449024
1702954918145667072
1704867507284263936
1705213688663504896
1705321816870938112
1705321339082704896
1705729414429626880
1704889351571851008
1705321329581754112
1705406404049309952
1704941780343749888
1704441871435024896
1705893530401896960
1705125751228942080
1706239354189768960
1705583741062123008
1705928313095416064
1706082706421451008
1701158951304250112
1706192432258701056
1706167205278948096
1704976147965856000
1705926372230478080
1705407708536954880
1704952453164499968
1704891550333531904
1705210765565424896
1701159104385283072
1706163708803329024
1705406786921882880
1705145791102525952
1705404608104924928
1705649346500987904
1705463102782899968
1704952442164781056
1704956316915269888
1704889344071964928
1704779089997381888
1706163705302737920
1704805286825210112
1705126432509765120
1705649294004472064
1704979519942903040
1704984146036828928
1705927246700044032
1704891766804011008
1704956485926334976
1705667395400781056
1705990204006586112
1705583741562166016
1705144363985165056
1704891558332424960
1705132633574930944
1705039945453671936
1704781958333744896
1705153468795798016
1705585297177670912
1705582243093381888
1704887572594022912
1705583739061947904
1705064362661594880
1705649465583151104
1706075765549804032
1705152042903009024
1705900312491549952
1706165732249113088
1702954922146060032
1706187678753431040
1705648614106083072
1705667395900826112
1705463411291098112
1705145493110256128
1705927243199617024
1705721881142137088
1705990808944800000
1705925610120783872
1704956442919945984
1704810472219636992
1705239309304126976
1705555892779172096
1705405194590896896
1704441871934935040
1706239352189485056
1706190022787831040
1705648004063642112
1706248414021168896
1705416777703692032
1704769809865073920
1705556952801618944
1705062748304638976
1705544655386471936
1705583712057833984
1705154290347887104
1705463098782855936
1705241157226592000
1705670081804421888
1704810469219707904
1706078622988516096
1705560902338392064
1705667401901765120
1706185615571697920
1706078577982140928
1705555894279502080
1705752776866962944
1706239139584983040
1704867509284303104
1705546168524288000
1705409150938609920
1704769810365007104
1705584898503802112
1705146764936547072
1705581922086593024
1705906284119403008
1705039856446853120
1705237183357660928
1705072541022984960
1705405887056855040
1704537776223195904
1706184884099899904
1705663917777814016
1705648002563770112
1705735266296827904
1705320967064581888
1705990112491194112
1705241601211602944
1705646096776432896
1705544711381618944
1705409542930217984
1705125562520119040
1706188614852969984
1709812835554065920
1704537773222821120
1705649942087772928
1706075349044470016
1705925666218579968
1706239513603883008
1706193443885850112
1705406335958883072
1705582223591752960
1705409312925146112
1705646092275584000
1705470233248484096
1705923892101583872
1701342694490507008
1706186448476515072
1706248765534235904
1706009598640606976
1705583732560869120
1706010222633879040
1702954818647621888
1705663907279585024
1705072614532591104
1706189330389756928
1705153469295781888
1704889489415144960
1705072623033202944
1705416599195671040
1706239268677609984
1705545079851002112
1705405249595757056
1705663918777714944
1705406791421904896
1704956301417067008
1705063291300993024
1706076510441658880
1705386046277304064
1705583850565614080
1706168510179576064
1705406786421859072
1705384386791459072
1705728139629089024
1705126119508360960
1706188431400517888
1705125741929266944
1705927846925078016
1706166307289395968
1704334932207496960
1705635488876758016
1705583640048838912
1706163931721419008
1704976810422958080
1705416779203571968
1705384758378298880
1705323668711472896
1706193234381980928
1706075252061665024
1705667201401506048
1705323678711142912
1705199524367864064
1705648613105945088
1705645771618893056
1704855718480244992
1705405244095841024
1705408472987778048
1705556749799546112
1705642531755305984
1705061268447730944
1705408745451742976
1701159097884587008
1705320437586799104
1705125867015883008
1706192478350445056
1701343168471915008
1705544724379400960
1705585295177399040
1705900316491318016
1706078571981423104
1705989547952076032
1705583714558296064
1705664063372545024
1705404550000964096
1705581825879113984
1705928314095571968
1705384755878722048
1705407681536946944
1706080008575163904
1705386539789067008
1706015523736084992
1705237173859261952
1706238329200734976
1705384397289590016
1705386050277955072
1705405899056357120
1706011615933093888
1704779176999915008
1705072550524545024
1705544932959930880
1705062746804626944
1705907278095880960
1706079045948549888
1706193628388140032
1704809700713965056
1706188435499698944
1704977017912009984
1704439267471132928
1705669530781004032
1706187426375404032
1706189148847876096
1709812839054064896
1704979522942529024
1705544976053071872
1705153605794234112
1705325213664242944
1705989793480550912
1704779054496109056
1705728152128546048
1706249018506102016
1705634403064560896
1705663845781638912
1705125988222896896
1705237059372770048
1705547521787644928
1704346781096884992
1706193631388103936
1706076168944795904
1705550208823375872
1706011822570369024
1705152174401438976
1705556742800557056
1706082179925420032
1706104127400130048
1706013414055318016
1705320254590714112
1706076171444505088
1705154389831970048
1705732750452921088
1704855507481612032
1706238139705805056
1705493379595266048
1705063259300567040
1709812808554321920
1705927852424194048
1705132630074688000
1706079059950095104
1705923911767283968
1704783469803791104
1705132967577174016
1705990206006886912
1706192484350172928
1705134190590166016
1705648598105460992
1706012075861229056
1705751410486974976
1705241801707557120
1705928684821737984
1706193331389850112
1705039941953626112
1706185138598241024
1705408743951557120
1705144370484066048
1705560901338466048
1705722848755952128
1704891516038141952
1704889392072809984
1705928301189658112
1704891768303607040
1705373088579630080
1705463037278722048
1705927538616301056
1705925323208903936
1704984156036446976
1706239766290936064
1705635364589680896
1705463103282797056
1705900308491620096
1705923492608227072
1704887570094459904
1705384388791042048
1705320410589990912
1704867501283714048
1705407177910288896
1705663908779298048
1704807272310449920
1705409160939854080
1705665476293427968
1705649464583256064
1705893741546810880
1705925653220858880
1705670707797321984
1705667399401446912
1701343163971101952
1705664141874140928
1705559979373362944
1705582220091697920
1704977247401935872
1705134108580265984
1706192424260086016
1705152584325242880
1705648614606131968
1705200400318871040
1704959069333152000
1705550199323781888
1705386531290682112
1705644578668858880
1705404612104950016
1706187796343314944
1705154385832727040
1701071846881733888
1705463095782835968
1705670709797562112
1705644587767136000
1706104563324215040
1706186192361520896
1706104355407482112
1705409143937849088
1705125801019930880
1705893732045722112
1705152220396513024
1706011295421182976
1705578648474267904
1705988477504532992
1705923401212663040
1705409544929936896
1705374748299425024
1705579815528301056
1701158994897492992
1704810470219710976
1705670380603162112
1706187681253136896
1705320453085605888
1705297247190893056
1704984142036985088
1706166358380525056
1705547516788221952
1705736042482191872
1702954934647511040
1706082642816078080
1705132635074941952
1705125693526192128
1705373083580497920
1705643723209713920
1705234887026881024
1705134355579279104
1705583503560730880
1705583316575441920
1705550130828388096
1705663991874802944
1706075253561358080
1705669216883624960
1705634005576335872
1706082187425312000
1705132630574891008
1705405195591020032
1705237061372357120
1706185140597903872
1705584911501670912
1705297244690722048
1706239753693357056
1704979993108451072
1705665131529521920
1706104296407045120
1704952306468112896
1705323682866336000
1705927250200397056
1705647973064323072
1706076161946114048
1705375588436389888
1704779088997382912
1705048458350615040
1706166346382529024
1705550148328605952
1705927247700205056
1705730963030220032
1706249011507255040
1709812841054075904
1705736046482070016
1705321784887367936
1706239514103888896
1705549794331901952
1706163926222033920
1706186188361594112
1705287724864329984
1705989522521229056
1706011654434940928
1705199518868018944
1705043528486221056
1705669010395013120
1705213691163385088
1706188432400349952
1704694178697530880
1705320565073348096
1706248411021075968
1705407709536932096
1705321779375479040
1705549795331808000
1704979224671222016
1705727519162483968
1704889380572701952
1705324180680913920
1705199525367692032
1704895589554067968
1705406324960444928
1705980564635574016
1705298604161039872
1705320444086696960
1704855542481044992
1705040848926099968
1706186187361692928
1705322609721511936
1705582227591890944
1705749567493872896
1705029244998034944
1705409626904482048
1704984150536950016
1706189337388709888
1705928838826128896
1705241664212834048
1706079936481221888
1706249013006961920
1705153780773843968
1705753702078744064
1705325600651403008
1705544870064773888
1705320817068396032
1705125796520890112
1705643717710827008
1706193243880760064
1704974787520423936
1706015535237681920
1706079055449592064
1704977294994360064
1705152591325688064
1705406320960956928
1706075757048611072
1705732736454338048
1705126341715692032
1705153770775118080
1705125698126978048
1705298605160940032
1705556947800816896
1705373085580246016
1705298388649015040
1705927210461948928
1705320905361446912
1706104344406569984
1705241828709266944
1704897003540768000
1705664097375767040
1705753707078081024
1705320445586586880
1705132959077721088
1701159058886595072
1706185303581116928
1705072540022860032
1705319906596769024
1705234189584137984
1705154766338902016
1705145633022883072
1705497007625093888
1705583327577027072
1706186222857024000
1705125694626330880
1705544585384299008
1705490847601769984
1704781948334067968
1705749548997083904
1705072629533421056
1705199513368250112
1704951829563816960
1704867459581275904
1701072034491969024
1705386393028065024
1705373068081017088
1706238328700727040
1705319910596144128
1705583321075952896
1702642224520079104
1705153820872358912
1705633877090900992
1705126438510045952
1704769598188627968
1705200405818050048
1704889348071902976
1705127005555219968
1705642524255278080
1705154296346810880
1705153783273754880
1705893539900334080
1705727521662294016
1705145479110255104
1705893735046031872
1704769871163756032
1706165795337937920
1705132961077737984
1706104119900719104
1706186452476560896
1705989932472188928
1705555891779041024
1705893529901890048
1705669891894554880
1705405250095759872
1704977131907012096
1706193440385286912
1705241829709188096
1704956360916603904
1705584916501235968
1705048461851077120
1705241154726926080
1705153773274779904
1704889288078882048
1705213700163024896
1705894852298533888
1705669008894786048
1705234854528908032
1704889490415319040
1706076509441646080
1706192104400608000
1705234185084304896
1704441943927909888
1704979527441645056
1705405238095752960
1705241807708417024
1705409372919155968
1704336333844346880
1705721890643357952
1706185301081188096
1705409150438437888
1705212088669297920
1705667201901711872
1705755265424616960
1705125750430455040
1705893737046192128
1705210777565534976
1704855725480241920
1704783409798290944
1704956311415497984
1705386530790693888
1705153775774258944
1705988347012374016
1705234782933456896
1705721856938525952
1706187677253831936
1705579361358080000
1709812843554082048
1705579352357054976
1705663847281807872
1705409314425027072
1705134207592667904
1705633869092336896
1704346787095879936
1705416768704969984
1705545095352019968
1701071847381714944
1706082776321100032
1705544775971955968
1705072584829370112
1705321753883302912
1704779176499869952
1705125754228407040
1704779052996172032
1705145795601564928
1704782651344059904
1706104342906525952
1705407689036741888
1705634262054016000
1705544686884385024
1705988486003243008
1704807281810036992
1705669003894021120
1705544973553563904
1705988348012398080
1705649367997878016
1705559985373769984
1705298598162158080
1704783472303819008
1704984613537820928
1706156256980744960
1705583852565466880
1705145629522905088
1705386052278227968
1705751412987279872
1706238287703183104
1706015505733496064
1706239151186790912
1705667343895695104
1705386051278091008
1705199519368044032
1704346788595819008
1704889075072096000
1705238294822745088
1704335420469297920
1705325602651653120
1706009606641801984
1705649318503159040
1705550135328541952
1705125868015837952
1705213701163056128
1705583837567737088
1705555898780078080
1704334933207518976
1701159103885334016
1705555895279636992
1704984498038177024
1705384757378504960
1705126124008560896
1705237173359279104
1705893533901432064
1705409635404760064
1705928306188939008
1705132952077775872
1705667142899905024
1705124491152707072
1705463151281088000
1706188423401692928
1705061201877524992
1705199520367908096
1705583730060579072
1705320215085306112
1704335214477999104
1705234883027472896
1705386994139649024
1705926376230598912
1706013421556460032
1705549795831793920
1705064380163379968
1706238338700742912
1705925656720167936
1706186221356993024
1705072627033436928
1706076501441411072
1705126337715084032
1706011625933171968
1704952450164720128
1706168507679845888
1705550145328563968
1704694179197481984
1706192431758898944
1706248438021442048
1705386990639579904
1705125728427145984
1705126567524207104
1705663880283037952
1704984478539385088
1705634265054427904
1705634406563948032
1705646100276878080
1705064378663233024
1705928312095379968
1705386396528505088
1706167650303404032
1705927561119612928
1704867944057417984
1706166354380987904
1705125833516016128
1705649281005682944
1705927213962580992
1706239132583942912
1705925320709060096
1704334929207613952
1704783477803405056
1705153824372189952
1705404597104796928
1705297248191027968
1705559975373216000
1705039943453658112
1705237294345090048
1706185294581415936
1705924618962571008
1705386993639644928
1705039991447414016
1705199573359078912
1705407215404168960
1705154429828477952
1705134349080370944
1705125926517801984
1705125732531742976
1705409370419730944
1705375599934448896
1705406374054139904
1705154426828536064
1705152582325259008
1705581930585453056
1705579396860033024
1705239307304333056
1706187789842575104
1706010622128823040
1705634410063503872
1705387001139651072
1705990214008082944
1704952582962125056
1705404889583272960
1705752258642191872
1705646052170856960
1705989267464515072
1705324186179951104
1705241148228200960
1704976967407104000
1701071842382580992
1705581921586571008
1705926012760187904
1704335422469362944
1705298309651109888
1705405198591504896
1705199564360837120
1706248417021218048
1705125879016956928
1705239327301221888
1705635360090387968
1705408734950112000
1706079061450178048
1706185218187950080
1705406383052421120
1705990384515843072
1705409682909878016
1705318820641691904
1706166323786436096
1706011650934868992
1705289045574952960
1705989259965842944
1705753119350251008
1704769596188926976
1705134349580352000
1705927256200404992
1705470241249559040
1705154429328454912
1701158954803813120
1704782644343988992
1704952486158931968
1705125878516824064
1705493386594324992
1705289040574203904
1705893724545777920
1705735263297236992
1704954116464613120
1705318765640779008
1701158992897797888
1705127009554665984
1705669889394639872
1704977133406597888
1705416772704354048
1704867512284267008
1705152262398694912
1706168496681883904
1705559986873760000
1705669547783486976
1705406779922148096
1705320220585988096
1705407181909511936
1705234855028894976
1706239346188665088
1702542681890372096
1705544959556062976
1706011655934873088
1705544723379607040
1706079066450797056
1705928469906964992
1705153810872711936
1705409633904441088
1705300086161410048
1705643724209613056
1705925591718077952
1706239262176943104
1705583192922248960
1705670703296679936
1706238449187919872
1705642522255233024
1704891791302241024
1705646262291085056
1705923894601523968
1705153469795580928
1705544709381913088
1705463048278960896
1705669002393847040
1706193239381021952
1705925624122777088
1705320869866992128
1706015531737232896
1705373073080790016
1704779099496403968
1704867399285928960
1705048463351394048
1705578807476841984
1706166352881216000
1705492439637679104
1705667396401024000
1705665478293198080
1705298598662146048
1706010223133868032
1704805282824805888
1706238290203248128
1705669532281190912
1705989995477073920
1705152043903009024
1706076505441652992
1704977304993779968
1705407722535956992
1705144372983780096
1705730967030193920
1705578634473233920
1704952586462179072
1705126428009944064
1705409155438951936
1705925321708954880
1705751414987649024
1704943207022177024
1706239345188416000
1705153610293777920
1705670087303503104
1705063289300748032
1705667432976613120
1704984173935716096
1705321787887846912
1705072637533413120
1704956424918370048
1706011881564226048
1704779043996527104
1705560898338889984
1706163929221633024
1705722846256406016
1705126127008818944
1705039860447514112
1705407184409179904
1705547517788120064
1705633809002800128
1705495442611837952
1706239133083990016
1705646266291027968
1705560775138416896
1704887508597529088
1705063220155497984
1705124494152261120
1705581913586816000
1701158949804517888
1705404605104880896
1705241806208224000
1705406336958661888
1705125682924638976
1704984152036645888
1705736000586928128
1705323658211821056
1705583492061415936
1705669876129774080
1705982398033454080
1705750109212384000
1705923901601259008
1705235503500986112
1705906287618857984
1705495664832538880
1705736055983004928
1705584913001592064
1705322610221312000
1705928312187824896
1705989541452391936
1705061747061571072
1706165737248137984
1705732731455036928
1705493385594423040
1705321785875143936
1706010237131293952
1705048457850537984
1704855503480999936
1705124483154110976
1705237065871554048
1705664004872546048
1705721304618359040
1705238287322333952
1705154295346916096
1706166280294042880
1706166289792410880
1705649333502683904
1704951820563768064
1704778990503180032
1705460373813952000
1706013417055730944
1705544686384377088
1705300086661398016
1706185327681102080
1706238295203246080
1705234888526649088
1705212039665387008
1706193440885331968
1705236927882571008
1705061750062001920
1705923908767868928
1705560891339949056
1705670850203694080
1705649363498593024
1706011825070318080
1706193236881655040
1705925621622469888
1705644709213210112
1705579395360166912
1705384393790105088
1705298146633585920
1705728136129094912
1704889296577392128
1705404554500825088
1702542672889171968
1701158984399149056
1706186444976503040
1704977028412462080
1705463029778533120
1705667141899873024
1705134114580470016
1705234881527876096
1705989276962743040
1705924624961595904
1705644577669040128
1704891564331849984
1705644710213115904
1705923489608848896
1705323623216657920
1705664090375333120
1705544723879595008
1706184885100034048
1705648007063131904
1705325212164232960
1705547518787909120
1705559971873276928
1706104728513255936
1705668996893108992
1705749574492506880
1704889342571938048
1704895589054223104
1704334928707622912
1704889387072783872
1706104132899924992
1705154282848751104
1702642227519817984
1705633801003077888
1704346786095977984
1705408463986670080
1704977016411949056
1705579392360201984
1701072023492574976
1705647936062210048
1704335426969324032
1704952495157276928
1705152171401893120
1705649287005478912
1704867401785961984
1706238148704193024
1705145780603744000
1705239309803949056
1705061598893422080
1706078637488798976
1705373075580769024
1705663848782016000
1705405897556327936
1705556952301684992
1704976809422956032
1705297249691079936
1701159064885733888
1705556747799671040
1704783407297870080
1705125985222640896
1706015492232482048
1705928306095464960
1705583429570784000
1705635501877961984
1706011622433108992
1705642532755326976
1705147677485298944
1704537766222086912
1705386997639589888
1705063221155660032
1705321336582363904
1704889297577168896
1705039949453737984
1704984614537607936
1705320868367058944
1705987998060224000
1704889286579183104
1705323654712051968
1705989934972416000
1705409978405466880
1704977025912172032
1705544867565184000
1705644584267760128
1704956312915435008
1705134102579305984
1705199521367956992
1705582220591725056
1704977305993720064
1706166345882428928
1705200280325304064
1705145794601783040
1705463187286087936
1705321329081728000
1705043490388382976
1706166349881722112
1705550150828643072
1705408745951789056
1705721855438336000
1705729421429571072
1705649472082789120
1705581917586745088
1705234612053228032
1705210770065807104
1705408463486491904
1704895587554301952
1705404803091008000
1705736009586157056
1704778981004877056
1704956489426720000
1705990202006193920
1705153629393249024
1705153558293528064
1705063223304985088
1705152180900646912
1705235509000847104
1705583186921368064
1704956417918238976
1705325594650443008
1706082653316201984
1705579360358065920
1705754845254330880
1706186455976463104
1706238138206029056
1706238436688303104
1705072542023111936
1701159061886073088
1705134194590736896
1705408558384219904
1705325604651980032
1705550196323920896
1705988000059942912
1705325601651535872
1706166315787962112
1705238279822149888
1705663999373539072
1701159151385796096
1705663990875011072
1701158957803386112
1705669887928204032
1705907284595888128
1705633800503197952
1705241143229156096
1702642218020177920
1705320447586416128
1704779092997067008
1706011418427603968
1704805284324996096
1705635503877900032
1706010229632668928
1705646264791004928
1705579393360209920
1705736056482961920
1704976152965129984
1705064504154042112
1704887573593924096
1705673663832192000
1705583727060043008
1705134105079854080
1705463034278697984
1705544576384230912
1705982371529657088
1705583494061317888
1704441881934674944
1705717639636027904
1706239526104005888
1705583738561733888
1705925663718874112
1706012084361199104
1705234879028032000
1705544866065460992
1704956305416611072
1705988357012524032
1705987996060615936
1704810481720252928
1705234207083186944
1705670070806364928
1701158982899565056
1706076579045059072
1705134113580375040
1705297248691095040
1705904277515643904
1705754844254544896
1705213698663138048
1705729414929638912
1705134339582011904
1704808794759380992
1705560840342535936
1705493388094176000
1704980041615052032
1705200379820481024
1705645767618736896
1705409541430446080
1705495663832527872
1706010615128903936
1706166488793224960
1705583855565278976
1705753125849026048
1705063279799900928
1705556745299973120
1705125932517638912
1705153474294820096
1705646099776832000
1704956374916229120
1705408728949296128
1705322981679929088
1705750585154364928
1705642530255286016
1705061595893508096
1705544655886490112
1705407185908764928
1705544936959783936
1706166277294690048
1705550142328523008
1705384750879635968
1705298249142139904
1705241818209182976
1705405235095746048
1705990216508561920
1705730954530140928
1706186185361861120
1705132632075027968
1704952527655724032
1705900315491405056
1705460380814342912
1705241434707544064
1705147698586576896
1705323687211751936
1705236921882699008
1705320809568227072
1705555904780984064
1705649938587727872
1705928692820573952
1704335425969323008
1705405180588963072
1706106602819188992
1706104529326284032
1704336337844997888
1705298346152261120
1704779095996744960
1705547523287363072
1702954563128594944
1705234771434557952
1704887455607098880
1705648011062688000
1705039908950812928
1705039936453638912
1706166498294763008
1704956308916041984
1705126002722977024
1706102379924805888
1704984470540071936
1705298347652285952
1706102388923595008
1705906231094982912
1705751410987022080
1705667209402723072
1704809702214286080
1705736003086848000
1704778988503559936
1705212075668058880
1705241149228101888
1705237077369411072
1701158954304017920
1705144403978008064
1705925310709389056
1705550199823806976
1705405243095834880
1705924624461622016
1705322980179898880
1701159104885344000
1705039991947401984
1705039971451033088
1705064388664259072
1705298254642980096
1705125728032440064
1706076147648611072
1705043489888397056
1705406832525131008
1705633876591096064
1705544586384325888
1705234845529265920
1704979983107087872
1705555900780345088
1705124487653431040
1705585301677753088
1702954568128641024
1705648595105394944
1704782640343954944
1705583700056064000
1705405896556432896
1705063283800023040
1705385251353696000
1706239790687910912
1705928317186921984
1705544678384705024
1705560900338577920
1705234608553385984
1704782634844493056
1706165730749379072
1706011882564035072
1701159102385125120
1705406777422213120
1706167845790653952
1705321781375365120
1701159059386575872
1705234603553551872
1705321804871974912
1705550201823730944
1704979212672900096
1705241152727352064
1705288134836758016
1706015492732476928
1705061190879437056
1705298211636559872
1705241156726607104
1705579827426777088
1705406401049852928
1705750108712557056
1705064395164952064
1706238146204812032
1705146760436105984
1705560850842522112
1705199523867783936
1704941783343707904
1704441880434639104
1704891563832047104
1706080013574223104
1704956483426030080
1705320251090601984
1705544660886590976
1705544685384357120
1705405177588525056
1705893740046603008
1705200288826300928
1706011427427668992
1706238320200764928
1705989541952310016
1705321812871484928
1705241827709241088
1705322985679729920
1705406831525011968
1706082178925376000
1705406790921723904
1705755955130830080
1705583607048755968
1705722842257084928
1705928682822029056
1705384748380140032
1705325212664251904
1706077140451571968
1704855502480902912
1705384754878816000
1705924632960404992
1706239272177998080
1706082649316108032
1705235503000990976
1705375615322109952
1705548479231073024
1706076506441686016
1705755262425082112
1705406369054921984
1705736046982063104
1704439262971898880
1705989934472461056
1705200375321385984
1706167840790676992
1705409545429741056
1705670577284308992
1705667348896276992
1704779094496904960
1706011291921702912
1706077141451717888
1705212040165408000
1705063254801506048
1705732748452986880
1705560766637134080
1704984478039452928
1705907296594157056
1706187671354711040
1705925659219869952
1705989807981455104
1706080015573932032
1705665466294789888
1704855544980983040
1706186195860818944
1706238140705712128
1706078633988826112
1705648566279813120
1705404557500729088
1706193301885465088
1705669000393529088
1705722842756889088
1705072667033518080
1704974787020379904
1705644591266593024
1705125727532366080
1704952488158621952
1705581929085485056
1705649466583013888
1705063290801061888
1705405891056621056
1705643719710529024
1705409543430021120
1705407679037459968
1705039933953588992
1705238282822074880
1706186264852111872
1706104129400086016
1706238284203436032
1705234844029340928
1705416774204218112
1705237174859163904
1705063232304788992
1705906240594648064
1705042449407070976
1706239763291404032
1705925655720391936
1705406407548660992
1705923885102556928
1705729422929637120
1705241829209270016
1704984615537509120
1704976143966599936
1705548491732433920
1705132650576370944
1706015046258536960
1705647929061428992
1705634004076391936
1705039868948729088
1705407172910893056
1705407686036687872
1705039901450002944
1705667154398799104
1705144395979521024
1705072615532592896
1706186188861595904
1704334930707557120
1705730947030496000
1705648590605402880
1706248704034441984
1705633802003113984
1705386996639575040
1706185309581208064
1705153619793754112
1705750586654276096
1705649360499006976
1704807283810063104
1705583854565378048
1705906227094724096
1706167848290717952
1706189376885764096
1705925606120128000
1704889068072875008
1706192387764847104
1705556956802177024
1705152217396129024
1705925655220558080
1705063329004623872
1705040858424406016
1706238440188247040
1705667402401701888
1705134096078411008
1705583620049037056
1706163693300987904
1705298389648916992
1705991030919116032
1705063361005997056
1705649357999320064
1705583646549509120
1704976807422935040
1706185207688336896
1705989278462499072
1705894854298238976
1706011301920837120
1705126121008281088
1701072031992512000
1705735253397712896
1705237300344631040
1705663867283580928
1705125876516637952
1705546176525145088
1704979214672797952
1705409966407055104
1705583855065364992
1705039867948598016
1705544575384207104
1705298601661639936
1705753128348564992
1705648607605433088
1705409661314158080
1705752511630561024
1705581836380617984
1705730988028295936
1705749571493142016
1704867407785935872
1705319915595407104
1706079949479470080
1704887563095734016
1705990116998949888
1705241436207580928
1706186185861774080
1705063221305127936
1705404803590991872
1705409313425131008
1706185203188422912
1705556953801750016
1706104303907048960
1705384402288696064
1706015532737399040
1705495356117711104
1704867514283942912
1705753119850027008
1705039969951272960
1705127003055444992
1705463151781025024
1705212046165441024
1706013871802402048
1705665485791774976
1706248758534240000
1704979893508305920
1706076581545515008
1702642217020172032
1704805280324592896
1704977141405298944
1705134193090583040
1705235501501082880
1704537569224951040
1705238292822838016
1705405897056346112
1705072548023958016
1705241804707906048
1705989282461815040
1705404604104873984
1705546171524592896
1705646055171272960
1706185335679648000
1705234884527344896
1706249018006223104
1706239158687081984
1705322267351845120
1705323681711497984
1705721887642989056
1706166489293424896
1705213695663223040
1705490846101737984
1705321325081954048
1705906238594706944
1705990814443930880
1706078628988826880
1705039870448797952
1704956413917964032
1704891764804315904
1706104356907808000
1705199514868116992
1705463029278512896
1704889352571854080
1705460370814016000
1705407712536785920
1705384390290618880
1705374744798946048
1705039970951045888
1705982377530446080
1704979558637221888
1706076509941650944
1706165722750857984
1705404618104945920
1705665480792698880
1705125932017735936
1705063365505903104
1705579815028313088
1705925646221913088
1705234775934119936
1705749552996365056
1705990108491078912
1705989520521632000
1705990099499929088
1705648564779756032
1705234888026661120
1706193444885957888
1706104722514328064
1706239273178137088
1705409667313913088
1705387053133625088
1704439266471342080
1704892273003488000
1705990116498990080
1705409964907173120
1706239285179610112
1704976965407166976
1704889494415796992
1705151125433050112
1706187669355115008
1705646047670276096
1706186254853940992
1704855504481125120
1704439257972782080
1705667157398339072
1705145793601890048
1705754123670036992
1706010224133744128
1706239336687162880
1706188429900630016
1705416776703901952
1705386391527735040
1705064390164549888
1706075765049681920
1705497010624997120
1705579388859883008
1705298243141227008
1705665122531256064
1706163634695314944
1705583438569209088
1704956490426897920
1706080006575580928
1706239160187115008
1705040848426269952
1706192385264902912
1705043486388495104
1704781951333988096
1705212045165434880
1704335219477154048
1706187682252933888
1706190028787613952
1706184894101391104
1704439256972992000
1704977130907128064
1705386991139592960
1705125692926138112
1706185148096622080
1705648011562490880
1705990104491099904
1705152226396953088
1705145628022854912
1706192484850190080
1705925312209327104
1706189381885833984
1705320827068423936
1705495432113328896
1705555899780212992
1705297245690659072
1705241805708026112
1705635486376422912
1705072636033369088
1705989930472220928
1705634412063212032
1705237934353267968
1705546095930358016
1705730967530202112
1705907278595888896
1705322272351881984
1705751431990141952
1705663848281947904
1706104118400836096
1706010614128886016
1704782649844040960
1705544869064974080
1705386532790284032
1705043522887213056
1704952451664632064
1704891552833145088
1705988483503596032
1706163702802404096
1705544774972162048
1705649472582784000
1705063364505894912
1705550148828615936
1706076506941592064
1705384381292392960
1705404555000805888
1706082651816156928
1705214137652238080
1705409996904865024
1705989266964526080
1704805288825458944
1706011356921434880
1706167217780353024
1705560902838355968
1705751388486473984
1706185615071729920
1704887454607183872
1706010617128837888
1705470240749470976
1706163704302592000
1705583856065277952
1705072536522568960
1704891557832419072
1704984475539803904
1705234846029250048
1705647934061957888
1706186253854138880
1704956445920366080
1705635361590168064
1705061751562214912
1704694179697455104
1705495435112919040
1705320212585122048
1705200401818885120
1705900304491598080
1705152171901967872
1705237185357339904
1705752512630582016
1705583506060404992
1704976147465870080
1705298140634599936
1705237074369989888
1705321789874775040
1706187674354408960
1704977298494292992
1705988480004286976
1705722840257327104
1705153467296101888
1705144414976269056
1705927541616828928
1701159287897189120
1705064384163815936
1704952316469633024
1705064493654384128
1706166356880587008
1706239761791849984
1705040842427214080
1705750598654181120
1705664105875431936
1705234833529755904
1705375609322368000
1705298303650182912
1706248709535108096
1706185138098419968
1705320819068314112
1705072661033571072
1706238322700720128
1705404609604953088
1705989282961603072
1705581916086752000
1705125732031810048
1705926374230553088
1704769819863361024
1705497001125423104
1706185335179663104
1705727526162183936
1706080005075837952
1705582235092899072
1706076143049558016
1704977030412802048
1704956484426160128
1705405198091461888
1705153618793762048
1704979219672130048
1705579830926575104
1706015057256510976
1704781942334319104
1705409318924080896
1705200331823991040
1706104117901028096
1705579390860274944
1705040852425595904
1705924620462212096
1705988358012528128
1706192384264856064
1705727531662585088
1704783138310351872
1705991029919138048
1705923488608932096
1705669837789751040
1704537775223068928
1705406820524541952
1705064379163264000
1705750599154185984
1705663912278834944
1705491376595723008
1706167210779524096
1705125929517720064
1704439264471666944
1705730980029382912
1705384742881054976
1705153777773912064
1705405905556099072
1705980563635420928
1705736043482216960
1705234835529651968
1705635485876464896
1705321780375493120
1705669542282668032
1705560846842556928
1706079062450309888
1702954828147855104
1704984501538205952
1704782646844016128
1704952580462064128
1705463104782796032
1705549793332111872
1705146771436602112
1705906293618146048
1705649362998629888
1705062745304623104
1705064383663766016
1705907289595224064
1705212044665432064
1705236925882726912
1705646108778224128
1706238290703272960
1706192486350116096
1704810478719885056
1705406785921883904
1706186196860720128
1705633807502865920
1705470249250864128
1706104304407062016
1706248711535371008
1706186450476482048
1705584904003035904
1705237187856815104
1705237574359985920
1705669534781549056
1705727530662451968
1706248453023632896
1706239349189065984
1706079938980965120
1705925652720870912
1706163926722114048
1705559973373199104
1705072575827994880
1705409679409840896
1705556748299639040
1706104293406996992
1706011819570458880
1706082170924909056
1705544963055369984
1705754842254951936
1705925619622189056
1705578641474200064
1705404601104844032
1706078574981829888
1704895591053925888
1704956298917159936
1705544779471259904
1704984155536460032
1704867405786065920
1705212038665379072
1705406380552919040
1705405248095757056
1706239153687042048
1705990809944598016
1705145790602543104
1705153316318910976
1706184131470075904
1705199515868069120
1705375624432283904
1705754838755671040
1705579366858097920
1705039934453597952
1706156250480684032
1706079938480884992
1704984148036994048
1705405253195817984
1705048457350496000
1705386061279399936
1705319909596350976
1706186220357112064
1701159110385427968
1705982373530049024
1705923490108834048
1705583719559026944
1704855711480157952
1705670376602556928
1706167837290598912
1706082644816120064
1705925592718225920
1705670377602791936
1704976156964972032
1705927208461841920
1705463409291088896
1705407179909858048
1705665487791364096
1705210771065822976
1705722839757372928
1701159069385074944
1704976148465661952
1705405248595750912
1706166489793469952
1705072637033381120
1704769815364090880
1706166323286448128
1705408479488687104
1705555903780850944
1705544927460143104
1705907283595891968
1705667393900622080
1705134350080155904
1705556736801590016
1705493389594039040
1706163704802800128
1701159150885716992
1706166493294091008
1706075756048496128
1704979894508207104
1704977244902033920
1704336339345264128
1704952580962076928
1701158959803084032
1705404802591173888
1706239339187507968
1705375604322510080
1705212089169302016
1706082180925283072
1705409148438191104
1706156248980651008
1705894851798729984
1705072667533554944
1705323684366545920
1704952415963034880
1706104564824201984
1704956425918405120
1705989544952227072
1704867497783142912
1704809696713437952
1705409678909831936
1705404897084084992
1704891790302341120
1705667350396475904
1704867455581071104
1705237581860225024
1705583497061251072
1705404602604858112
1705234781433552896
1706076498941129984
1705750597654156032
1705241808208644096
1705153565294590976
1706075356567874048
1704891561332352000
1702954835146690048
1704807269810546944
1705146769936555008
1704956309915930880
1706238440688165120
1704976962407261952
1705906228594814976
1705928470907101952
1705633874591525888
1705669895427165952
1704956302917106944
1705153818872496128
1706012073360965888
1705125748430205952
1704855532481195008
1705405353083260928
1704893823592284928
1705375594435379968
1705210774065658112
1705144364985242112
1705634408063823872
1705752516130541056
1705320876866659072
1704783141310000128
1705153818372474880
1706239342188024064
1705991026419828992
1705063250802096128
1705670848203480064
1705642537255354880
1706013418556065024
1705375616822128896
1706166303789910016
1705989802981456896
1704977139905530112
1704867511284269056
1706166313788078080
1705730992027700992
1705153470795364096
1705544776471761920
1704889388572830976
1705154386832526080
1705928312595457024
1706239759792108032
1705925657220158976
1705234191084163072
1705663996873892096
1705321764884625920
1705906278620055040
1705152498319926016
1706009603141347072
1705322264851826944
1705928464906362880
1704977131406915072
1704979516443421952
1705560886840615936
1705200380820378880
1705987997560230912
1705406370054724096
1705906283619322880
1705669882894839040
1705072650033432064
1705126999556045056
1706185302081218048
1705927241699540992
1704979898507699968
1705755950631131904
1705409143437678080
1705409369919749120
1705730958530129920
1706189334389241088
1701159108385635072
1705405185089591040
1705633872591820032
1706188622852656128
1705214135152880128
1706104524326358016
1706167211279593984
1705234185584295936
1705323621216760064
1706076575544705024
1705404546501201920
1706238331700687104
1705581932585364992
1705048447349069056
1706011429427593984
1705463088283187968
1706165729249571072
1706075359067683072
1705583186421320960
1705153823872166912
1706192108899883008
1706239787188361984
1706189148347907072
1706238333700720896
1705154282348950016
1705648003063736064
1706104302407037952
1705151123433403904
1705407693536803072
1704783470803802112
1704951819063745024
1705894850798908928
1705061264547955968
1705583441568636928
1705409321923546880
1706187789342510080
1705463039278748928
1704335415969118976
1705555899280013056
1705199525867458048
1705409662314067968
1705722845756459008
1705153613293848064
1704335224476957952
1706190029787635968
1705125728532263936
1705668995892978944
1705410013404582912
1705928677322355968
1705322602722164992
1706188615852990976
1705320865867223040
1706106593818253056
1705990105491122944
1706015056256634112
1704952574462063104
1706248445022519040
1705039974950312960
1705063276799847936
1705408569883258112
1705213699163002880
1705234842029436928
1705063225804910080
1705404804090788096
1704807273810374912
1705547519287875072
1705581833380301056
1706076190440983040
1704783468803781888
1704891797801948928
1705064355160734976
1705579349856546048
1706163699301839104
1706166350381711872
1706192431258908928
1705062751804726016
1705470242249800960
1704956373916237056
1705667205402155008
1705544874564039936
1704979888009067008
1705982404534534912
1706163744208526080
1704952443164801024
1705750596154118912
1705990393514277888
1701159285897488896
1705387002139671040
1705040849925912064
1706012074361136896
1705322611221043968
1705663919777769984
1705407182409497088
1705670072806059008
1706186450976485888
1706185301581193984
1706104526826352896
1704980036614344960
1706163929721598976
1705241667212866048
1704976813422887936
1706239353689831936
1704537572725344000
1705545086351607040
1705406790421769984
1705670702296539904
1705072633533441024
1705126729036953088
1704782648344029952
1705927542616984064
1705134196090795008
1705153821872258048
1705463401791031040
1705063331504643072
1705320444586771968
1704855500480772096
1705988002059544064
1705287730364346112
1705669851291579904
1705544784970320896
1706193621889369088
1705144362485579008
1704977013911962880
1705416605696390912
1704941778843719936
1705549796331607040
1705463048778957056
1704889073572380928
1705407696037001984
1705384389290833920
1705736058483206912
1706012078361086976
1705988346512367104
1705072581328932096
1705893738046369024
1705214111655552000
1705237180858096128
1705386536789614080
1704889282579922944
1705750587154304000
1705667344395781888
1705753118850264064
1705664097875684096
1704779051496101888
1705906282119632896
1705470244250056960
1705072550024471040
1705320409090123008
1705409640905521920
1706184881599601920
1705152048403021056
1701158958803184896
1705634407563844096
1705323680365874944
1701071850381372928
1705663849282100992
1705649351500296960
1705546108428203008
1702548484296525056
1705152218896178944
1705544657886526976
1705125824516308992
1706239352689722112
1705670078804933120
1706156253980653056
1706184129970375936
1705491378595715072
1705321780386820096
1705239302304913920
1705894861796900096
1704891558832450048
1705752262641711104
1704441941928365056
1704537758721257984
1705234617553053952
1705375607322426880
1705669896926886912
1705550137328564992
1705200335323944960
1704867406286046976
1706184879599234048
1705386042276659968
1704855692977358080
1704979987607655936
1705989809981500928
1705322275351724032
1705406379553184000
1705645772118899968
1705152507820722944
1705460366314152960
1706104523826353920
1705648604105483008
1704537571725238016
1704979509944389120
1705386396028460032
1705154381833168896
1705470233748577024
1705928314687559936
1705929661229316096
1705409668313915904
1704867502783783936
1705649283505764096
1705893739546533888
1705634411063352064
1706186228356498944
1706166321286855936
1705132631074944000
1705200333324024064
1706104292906989056
1705665481292687104
1704976155965025024
1706163931221338880
1705583503060933888
1705241433207400960
1706015051757500928
1705982401033873920
1705153620793763072
1705043525486754048
1705647931061676032
1706163702302306048
1705386054278497024
1705387052633637888
1706238139205816064
1706075257060774912
1705927219963572992
1705578635973409024
1705405240095774976
1706185134598960128
1706015055256892928
1705373080580515072
1706168500681191936
1705386059279179008
1706012088861184000
1705988347512389120
1705647970064249088
1705409159939728896
1704335221477083904
1704537570725115904
1701342697990150912
1705153465296534016
1704977305493625088
1705416597695577088
1705749539998752000
1706187431374504960
1705241830709223936
1706193629888192000
1705234602553544960
1705990105991130880
1704855696477964032
1705495357617734912
1705635494377339904
1705989276462920960
1705925665218812928
1705579343855757056
1705989998477245952
1705375627432123904
1705127007055063040
1705153623293796096
1704887449108116992
1704952418963028992
1705497001625299968
1705238287822525952
1705061748561861888
1705298243641421056
1704778989003545088
1704984170435916032
1705152585825288960
1705146755435392000
1706076139550066944
1705989264465016064
1705736014085465088
1706163636695290880
1705669008394738944
1705648597605451008
1705463192286935040
1705927541116782080
1705145475610336000
1705923405713050880
1705409999404822016
1705663913778426112
1706185311081326080
1704891766304027904
1706015539738429952
1706165728749768960
1706166275795088896
1705153347317157120
1706166495794298112
1704984148536905984
1705043488388455936
1705405178088572928
1704980033114194944
1705751428489605888
1706186219357081088
1704889495415821056
1704977026912290048
1705546103928929024
1705634401564803072
1705556955302032896
1706104567824271104
1706239522103930112
1706248759534231040
1705583619549124096
1705405357582516992
1705152167402479104
1705061594893613056
1705063236655798016
1702954920645957120
1705072574327948032
1709812837054134016
1702954565628745984
1705125729032229888
1705673660331750912
1706011295920989952
1705495399115760896
1705751411987148032
1702954569128694016
1705750114211833088
1704867504284098048
1706104303407044096
1705152049403070976
1705721858438752000
1705039967951564032
1705144355986720000
1706193240380898048
1704694176197859072
1705239303804777984
1706188621352588032
1705545078850867968
1705544780471056896
1704984619536992000
1705893531901748992
1706104727013669888
1705730989028099072
1705673673333697024
1706013872802316032
1705544890462448896
1705373089079724032
1706184893601197056
1705321247078371072
1705234769934864896
1705644707213282048
1705063218155505920
1705670075805445120
1705463035778712064
1705547520787757056
1705578634973280000
1704952533156103936
1705325596150626048
1705061477154854912
1704959068833345024
1706011620933135104
1705893526902021120
1705670708297370880
1706187790842595072
1705633800003170048
1705925587217570048
1705670378102855936
1701159067885189888
1705927237698861056
1705926373230508032
1704889072572572928
1705321326082028032
1705644593266222080
1705318774041374976
1705644584767749120
1704855714480130048
1705635499377856000
1705322257351770880
1705923892601612032
1706239137584711936
1704855530981265920
1705407169410713088
1705408575382333952
1705583712557913088
1705409958908237056
1705321760884051968
1705072538022681088
1704984172935822080
1704783483302708992
1705241187221232896
1704941775343641088
1705583652550377984
1705751430990008064
1705470244750100992
1706166280794140928
1704977247901959936
1705406372554228992
1705145486110203904
1705298599661940992
1705153470295564032
1705145490110228992
1705894858797517056
1705404887083069952
1705646056171522048
1705318764640642048
1704956451921233920
1705463147780478976
1704952484159344128
1705384753879021056
1706011647934811904
1705384382792176128
1705237072870415872
1705893529401861120
1704897000540893952
1705749540498739968
1704855508981541888
1705125922517872128
1705298148633235968
1705982405034583040
1706079943480476928
1705321815871154944
1705072572827610880
1701159065385538048
1705374747799448064
1705463089783030016
1705125831016081920
1705579354857331968
1704984079546028032
1702642228519715072
1705125565020261888
1705125749229253888
1704951838563953920
1704893819592090112
1704956488426593024
1704977301494064896
1705988350012443904
1705072543523405056
1706188434400026880
1705669889894630912
1705642532255319040
1705728146628790016
1704892280002443008
1701158952804132096
1705234767435309056
1705384401288898048
1706168501181031936
1705064503154053888
1705544717880591104
1705409537931201024
1706074594102806016
1705300092160302080
1705320411589837056
1705048455850349056
1705669837289690112
1705241660712797952
1705749551496773888
1705664141374217984
1705642523755251968
1704441880934661120
1705988484503437056
1705753115850674944
1701158983399365120
1705735246897596928
1706238150703901952
1705670372601989888
1705642519755203072
1705925607120270080
1705578643474347008
1705752510630541056
1706163629195251968
1705728154128485120
1705321765384560128
1704956296417203968
1705064499154236928
1705578812976017920
1706187432874221056
1705664138374265088
1705320904861458944
1705324176181508096
1705386999639627008
1705929668729015040
1705063227655837952
1705929666729069056
1705989546952164096
1704951817563831040
1705322603222150912
1706166308788990976
1705320827568320000
1704984155036547072
1705549801830640896
1705670573783956992
1706011355421410048
1704887452607631104
1701158957303564032
1705927547617691904
1705406316961573120
1704769043385697024
1705153824872194048
1705322987179734016
1706239284679568896
1704892275003175936
1705649473582742016
1705544581884244992
1705039930453641984
1706078638488876032
1705152504320280064
1706082177425240064
1705407682037022976
1705667441977499904
1705990814943713024
1705125796020904960
1705298213636841984
1706080016573750016
1705925315709168128
1705669538281992960
1709812805054519040
1705408478988642048
1705544708382118912
1705550203823646976
1706166286793025024
1705665477293220096
1706076185441900032
1705643723709702912
1706167206779212032
1704810476219703040
1705728133129250048
1705649337002283008
1705321786875204096
1705405234595717120
1704887566095188992
1705581920586546944
1704781942834341888
1704952307468246016
1705152502319915008
1705988489502484992
1706189332389445120
1706238143205113088
1705927557619290112
1705320246089804032
1704952529155750912
1705298603161240064
1705241819209190912
1704867397786016000
1705409680409850880
1705237064371828992
1705750604154188032
1704889062572758016
1705144357486561024
1706076585045977088
1705318832139515904
1706009599140697088
1705646098276499968
1705375628432145920
1705928685821538048
1705042435905164032
1704779040496516096
1705495433613048064
1704952412962982912
1705125864515497984
1705042446406569984
1705752262141722880
1705642518755276032
1705320814068336128
1705667198401118976
1706167856290757888
1705649465083354880
1705237071870537984
1705751391486372096
1704979984107064064
1705579349356610048
1705754120670383104
1705239311303812096
1705728151628550912
1705736049982319104
1705669212883969024
1705927847925008896
1705236924382671104
1706104525826352896
1705320866367141120
1706104714515748096
1705384757878312960
1705988487003048960
1705409368420071936
1705320969565038080
1705544574884204032
1705989277962510080
1704889295077509888
1704889355571799040
1705925606620333056
1705241826209199104
1706163694801211904
1704769053886777088
1705064389164456960
1705237066371537920
1705408479988764928
1705409637905056000
1701158989898302976
1705298210136378112
1705375633431528960
1705545080351066880
1705751413487323904
1706238318201099008
1705582233092542976
1704779096996656128
1704979512443981056
1705544871564472064
1705633870092242944
1706193328389349120
1706010616628827904
1705669211884192000
1705989281462017024
1706184132969863936
1705463405291037952
1704441873934944000
1705125928517712896
1705648568279828992
1701072031492443904
1706166305789618944
1705988353012400896
1706238135706501120
1706185611571742976
1704893817592069888
1706186445976509952
1705406318961275904
1704867515783548928
1705319904097149952
1705323612717011968
1705408746451987968
1705407712036780032
1706188417901858048
1705239324801542912
1706076164445699072
1705287729864443904
1705649332002947072
1705927839326515968
1705583641048983040
1704984077046675968
1705409368919855104
1705214141651589888
1705583700556265984
1706104349906790912
1705061746561534976
1705405190590283008
1704779043496502016
1705127000555943936
1705405364081242880
1705145626522842880
1706239275178277120
1705667349896284928
1705321236578718976
1706187790342640128
1706102389423580928
1705063261300249088
1704891563332061952
1705663995374171904
1702954834146881024
1706167664203663104
1705989803481469952
1705322274851897088
1705673670833253888
1702954819647749120
1705039945953678080
1706192430259001088
1705928679822416896
1704979556637298944
1705410013904539904
1706010235131706112
1705754118170776064
1705410000404696064
1705495400115549952
1705735254397617920
1704783463803731968
1705925318209125888
1705989994477051904
1705670386104006912
1705385239754408960
1705755258925623040
1706189378885793024
1705929669229044992
1705646055671474944
1705463049778983936
1704439254973316096
1705923911267456000
1705735249397630976
1705405180088781056
1705470243749867008
1704783146309025024
1705386061779635968
1705236930882342912
1704855536981133056
1705320878866241024
1705582235592829952
1705752518130582016
1705495397116080128
1705409369419951104
1705320563573647872
1706079046948567040
1704769879663794944
1705750596654136064
1706015052757413120
1705463188286320128
1705404884082697984
1705495435612730112
1704979888509031936
1706186226356645888
1705124490652801024
1705062751304724992
1706165807335671040
1705579397859927040
1705374758799514880
1705153825872134912
1705404610604945920
1705287908836946944
1704867506784374016
1704336332344237056
1705928307595502080
1705407165410292992
1705212092169330944
1705893731045600000
1706238149704026112
1705321790388160000
1705320219585859072
1705234202083776000
1705497005625220096
1705649350000433920
1706076563443693056
1705039928953592064
1705751396486115072
1705416598695716096
1705990385015834112
1706193327389227008
1704976960407311872
1705585304177757952
1705732749453009920
1705064495654329088
1705667338395846912
1706075764549736960
1705241176223077888
1705063253801724928
1705320870867010048
1705989931972135936
1705153771774899968
1705755954630821888
1705210786566406912
1705548491232422912
1705072631533440000
1706193236381560064
1705646090775506944
1705386046777351936
1705234768935077888
1705751432490187008
1705646048670426880
1705727522162321920
1705663914778214912
1705154444829734912
1705581926585850880
1705323678211211008
1705581925086256128
1705126132009430016
1705234875528088064
1706166353381204992
1705990395514000896
1705061748061714944
1706078630988751104
1705214133153008128
1705373065081067008
1705990216008360960
1705200281825512960
1705298150132975104
1705581824378953984
1705664054371545088
1706166347382308096
1705236928382594048
1705980560135060992
1705237522354127104
1705649483583331072
1706239354689958912
1705404886082947072
1705406322960657920
1705647971064261888
1705373080080635904
1705406811023913984
1705544592383780096
1704887508097726976
1706163643195047936
1705730984028907008
1704979895508109056
1705063229655898112
1704891794802196992
1705406405548916992
1705727529162221056
1705751429989879040
1706185133599177984
1705375617322011904
1705199512868222976
1705463408791085056
1705048452349769984
1705491392094947072
1705386381526863872
1705241187721142016
1705560785639009024
1704952579462044928
1705407168410605056
1705145627522856960
1706238432688459008
1705648006063351040
1704952483159558912
1705751021518149120
1705906235594759936
1705375597934747904
1705728140128967936
1701159156886427904
1704779045996389120
1705154284348518912
1705241605211531008
1706239280178846976
1705147700086444032
1706079050949106944
1705318821141615104
1705324191679272960
1705730981029276928
1705928678322377984
1705153816372569088
1705319905596900096
1705669537281859072
1706104126900144896
1705234192084058880
1704956427918406912
1705646101276998912
1705924623461841920
1705325214164246016
1705664057871898880
1705063231155724032
1705386041776688128
1705583330577274112
1705072655033487104
1705581918586646016
1705134192090329088
1706166494794173952
1705982408034935040
1701342698989906944
1704805290825716992
1706011886063503104
1705154382833072128
1705297241690787072
1705669541782728960
1705152047402991104
1704537774222944000
1705153567294839040
1704781951833974016
1705320901862103040
1704441876934853120
1705405242595826944
1705298252142647040
1705463086783331072
1705154390831756032
1705235510000745984
1706187669855106048
1704783478303226880
1704335221977003008
1705755953130918912
1705463185285832960
1705405184089470976
1706168508179833088
1704952534656282880
1706082780321182976
1704956412917785088
1706187666355601920
1705559981873693952
1704782634344571904
1706193238381220096
1705126997556366080
1705063221805146112
1706104569824314112
1705126434509597952
1701159101385018880
1704941782843703040
1705635495377438976
1705237303844038912
1704956369416390912
1705490852601456128
1705407690036754944
1705730985528508928
1704807272810363904
1705134351079941888
1705237180358182912
1705375626432210944
1705667448477507072
1705755263424869888
1705039941453730048
1705670389604602880
1705064357661099008
1705322989179621120
1705989516522313984
1706187787342368000
1701159038890064896
1705126429009829888
1705145491610245120
1705063234155773952
1705213689663399936
1705323682366132992
1704952582462118912
1705470234748808960
1704537775723021056
1702954822647753984
1705063225655674112
1705288125336675072
1705063261800230912
1705560852842507008
1705751427989562112
1705064497154329088
1705667400401587968
1704952482659570944
1705241824209150976
1705064494154407936
1704889293577916928
1705406375053903872
1706166306789404928
1705751391986286080
1704979554637388032
1705375629432052992
1705237070370761984
1705134357578846976
1705560983131163904
1705578633473103104
1705645769118964992
1705544725879181056
1704867407286038016
1705298157132079104
1705991027419627008
1705298355652190976
1705150345547038976
1705722887251058944
1705583325076559104
1705125751930631936
1705409359421326080
1705544591383969024
1706075259560235008
1705405236095752960
1705214140651678976
1704779171499123968
1705153813372645888
1705493380595162880
1705460365814160896
1704952305968176896
1704976808422972928
1705583614049355008
1705729416929572096
1705323613717035008
1705752517130562048
1705152518822309120
1702542670388715008
1706009600640880896
1705321788387892992
1704952530655685888
1701158950804425984
1706009612142039040
1705583200423532032
1705323683866502912
1705237302844143104
1705125745729835008
1706104725013969920
1705544778471461120
1705583843066877952
1706166309288978944
1705406953525466880
1705134340581796096
1705560896339204096
1705404888083195904
1706185610571732992
1705980567135793920
1705125798520614912
1705752781866098944
1705463036278706944
1705906277120421120
1705544681884267008
1705152046903005952
1705722845256471040
1705145472110800896
1705727521162418944
1705664102875557120
1705463401291038976
1705664148373707008
1706239134084100096
1704956313415309056
1705649317503273984
1706076168445005056
1705644712213220096
1705153356315869952
1706166274795190016
1705646050670705920
1706163933221031936
1705925311709297920
1705989284961479936
1705925585217470976
1706009615141978880
1705406787921786112
1704889280080241920
1705408733449954048
1704783478803190016
1705040003445861120
1705556735801785088
1705634402564657920
1706184142568317952
1705926014260280064
1704952412463077120
1704956311915482880
1706192426259777024
1705928320186508032
1706189147348113920
1705634263054177024
1705667339395877888
1705298300149726976
1705373067581025024
1705753700079193088
1705407209404480000
1705664140374223104
1705664056371810048
1704855505981328896
1701159236898874880
1705495433113228032
1705408565383921920
1705582222591715072
1702542685390962944
1705583713057956096
1705549798831277056
1705544872564264960
1705581838881068032
1705665126530305024
1705648563279737088
1706082181425296896
1705463105782692096
1705375626932207104
1704783139310145024
1706076148148602880
1705925658719769088
1706079944480265984
1705320219085923072
1704892279002469888
1705560786639008000
1705200398318930944
1704855498980563968
1705234778434025984
1704984476539590912
1701159100384809984
1706011884063913984
1705320964064230912
1705669540782458112
1704441875434823936
1705061481154260992
1705545086851777024
1705749554995940096
1705900314491382016
1705463053279106048
1705989285461286912
1705064498654245120
1705384393290301952
1706163741207996928
1706186261352795904
1705406412548389120
1704977248401826048
1701159096884472064
1704891559832350976
1705673669333046016
1705144376482981120
1705647931561762048
1704954114464922112
1704959059334983936
1705406369554766080
1705669885894676992
1705236923382760960
1705385247254269952
1706166315287973120
1705463138280408064
1705648603105457920
1706187433874016000
1705546167024200960
1705154433828617984
1705673672333555968
1705928321686554880
1705583319575772928
1705409360421178880
1705987997060419072
1705667344895738880
1705463107282412032
1705749544498010880
1705406812024051968
1704808792259066880
1706238435688392960
1705373070580866048
1704956366916359936
1705491388595504128
1705925592218274048
1705298352652272128
1705990000477545984
1705409666313901056
1706076187441601024
1704952414963015936
1705544780971045120
1705753126349014016
1706193238881206016
1706104727513467904
1705321760383892992
1705321785887591936
1705460375313847040
1705407721035877120
1705153567795033088
1705407206405128960
1705647929561581056
1705416769204935936
1705633997576582912
1705579357357850112
1706168505680300032
1706239518103866112
1705544789969402112
1705125826516222976
1705236925382659072
1705721857438616064
1705560893839579904
1706163633695400960
1705893719046374912
1705583501061044992
1704336334344549888
1705063225304888064
1705927540116626944
1705925662219269120
1705635496377559040
1705126115008558080
1705544873064252928
1704984502038211072
1705152234396830976
1705579346356141056
1706163629695209984
1705495663332525056
1705925651221233920
1705583640548901888
1704855532981197056
1705064395664993024
1705556738801276928
1705405181088899072
1706239264177144064
1705237186856922880
1704941774343610880
1705147700586365952
1705927538116359936
1705665477793208064
1704867455081150976
1705062747804642048
1705751028017094912
1705647980064284928
1705298147633415936
1705989517522224128
1705634410563375104
1706011664434041088
1704976150465361920
1705923902601285888
1705751019018333952
1705408476488218112
1706185141097888000
1706013416055581952
1705298386648967936
1705584901003546880
1705237175858963968
1704984077546477056
1706249025505756928
1701071849881352960
1705241447709488896
1705298304650310912
1705893726045692928
1702542685890895872
1705125561020096000
1705664094875837952
1705214141151662080
1706013415555534080
1706167208279287040
1705406780922021888
1705579828926675968
1705241603211549952
1706076167445210880
1705124485653733888
1704805287325274880
1705667432476567040
1706239141085169920
1705463042778916096
1705210769565798912
1705132651576555008
1705153622793787904
1704952306968310016
1706167656303419904
1704810485720904960
1701158955303780096
1705061602393272064
1705320245589758976
1706193235881754880
1705125688425544960
1705154288347986944
1705061185880011008
1705648612605864960
1706193235381766912
1704984175435309056
1705063257300994048
1705544793468882944
1705928687821248000
1706186451976507904
1705405351083513088
1705153624793808896
1705927847425018112
1705039993946983936
1706075758048751104
1705125980721882880
1705642537755333888
1704781946834147072
1704537772722772992
1705237172359512064
1705990394014191104
1705670703796727040
1705320439086817024
1706076577044775936
1705298249642337024
1704951823063822080
1704984174435523072
1705132643075161088
1704855719480188928
1705125802519812096
1705320213085165056
1706167211779657984
1706012080861113088
1705318826140687872
1705374759299521024
1704984147536954880
1705409641405605120
1704855513981485056
1704956369916247040
1706188619352474112
1706192389264736000
1705667207402418944
1705132635574946048
1704977240402191104
1705497004625208064
1705239297805615104
1705125998223034880
1706193626888539904
1705213698163113984
1705061469155991040
1705322608221641984
1705409155939121920
1705925624622786048
1705982371029565952
1705583488061594880
1705407710536775936
1704694177697733120
1705928832825416960
1705063356005936896
1705042443906289920
1705544582884281088
1701158980899902976
1701158987898742016
1704956455921893888
1706188616352998912
1706082651316144896
1705241598211570944
1705153609293817088
1705039909950921984
1704941774843628032
1705061482154129920
1705373086580034048
1705406331459555072
1705061469655956992
1705988354012424960
1705239305804468992
1705404546001171968
1704977019912028928
1701159103385185024
1705237063871845120
1705298388149007872
1706238433688466944
1706076184942082048
1706013873802319872
1705409371919366912
1704951837063930880
1704979221671834880
1705318823141176064
1705132958577719040
1704891761804947968
1705212049165359104
1705579348356375040
1705989793980748032
1706104534326371072
1705241439708357120
1705560976131984896
1705670851703917056
1706186449476477952
1702542677889819904
1705649348000752896
1704336332844175104
1705463144780412928
1705318768641044992
1704769812364719104
1706082784821170944
1706192388264709888
1705064360161239040
1705546175024947968
1704941784843739904
1705406413048407040
1705670578284503040
1706104294407017984
1705721890143350016
1705990385515623936
1706193326889125120
1705153466796118016
1705063224655695872
1705550146328581120
1705297251191270912
1705544684884336896
1705649933087520000
1705323669211457024
1705722883351092992
1705463415791437056
1705560845342534912
1705583194422612992
1705063255301320960
1705289040073978112
1705320904361649920
1705125680924377088
1705642521755259904
1705755948631377920
1705649470582850048
1705063285800238080
1705234856528933120
1701159228897832960
1706013875302276096
1706078585983111936
1706013417555930112
1705298137635217920
1705152050403053056
1701072028992673024
1705126000222906880
1704979550637550080
1705544783470540032
1705721884642586112
1705322986679742976
1705154278349440000
1706185216188080896
1705147695586660096
1705581921086571008
1705405903556165120
1705750590654129920
1705669845290715904
1706186228856493056
1705735264297138944
1702548485796681984
1705751380986628096
1705125792021651968
1705581840881327104
1705578638973809920
1705384751879431936
1705550202823633920
1705237924854680064
1704977296994244096
1705581934585298944
1705145795101765120
1705320403090936064
1704889357071805952
1704807275310265088
1706076574544459008
1705405361081783040
1705039998946057984
1706167655303389952
1705134104579663872
1706156251480708096
1705200330824060928
1705373084080538112
1706011822070349056
1705072581828972032
1705732739053786880
1704956365916431104
1706238150204015104
1705406376053682944
1706078635988861952
1706080017073743104
1705581913086940928
1706163928221847040
1705234773434188032
1705200377321057024
1705241435707648000
1706185149596421120
1705406840026060032
1705406317961384960
1706104341906507008
1705583430070688000
1704769809365048064
1705134352079834880
1706239158187074048
1705386058278994944
1705406782922009088
1704952445164726016
1705235508000837888
1705649355999513088
1706167658803474944
1706248411521082880
1705321326581945088
1706075348544480000
1706075358043038976
1706011881064427008
1705751384986597120
1706239159187106048
1704769043885652992
1706239263677075968
1701159225897282048
1705322976180094976
1705664102375531008
1705582233592582912
1705663872783319040
1704779044996402944
1705646046670152960
1705555904280786944
1705667145899858944
1705322269851866112
1705408562884153088
1705664092375624960
1704769875163825920
1704891765304232960
1705234880027934976
1705928309595457024
1704952303467862016
1705893537900641024
1705152164402909952
1706239331186466048
1705583444068122880
1705633886089295872
1701072032492352000
1705404886582898944
1705408471987653888
1704976149965615104
1706185308581146880
1705989261465445888
1705989511523150080
1706011889063023104
1705670384603805952
1706082774321167872
1705039976450087936
1705125734428175104
1706248415521186048
1701159107385585920
1705990808444993024
1709812842554149120
1705375617932453888
1705145782603646976
1704956314415361024
1705416610196865024
1706079945979980032
1704979514943631104
1705735248897616896
1705717637636310016
1705241449709737984
1705200332324017920
1704805281824674048
1704779095496919040
1705386060779462912
1705648569279902976
1705408561384257024
1705061191879215104
1704979552637466112
1705463047778944000
1705416778203768064
1705384755378916096
1701072026492630016
1706011887563122944
1704979510444196096
1705406832024953088
1704952566460930048
1701159158386771968
1706104350406725888
1705234614553123072
1705387054633340928
1705144368984484096
1705900313991461120
1705199522867842048
1701159283897703936
1705145477110238976
1704783406297725952
1705125931017728000
1704537581726795008
1705647930561609984
1704984497038158080
1706013875802266112
1705460377314008064
1705144395479717120
1705405362081565952
1705990213508033024
1701072026992670976
1705730945030694912
1704952495657374976
1706163745708741120
1705463037778739968
1705556956302130944
1705241449209542912
1705544664386632960
1705375591935873024
1702954835646681088
1705735253897611008
1704956447420563968
1705125830016051968
1705928833325425920
1705237184357548032
1704980039114607104
1705125740429084928
1705550151328647936
1705582241093350912
1705324189679592960
1705989255466556928
1704783479803087872
1705406411048502016
1705298348152293888
1705322261351817984
1705583189921767936
1705634001076444928
1705583742562315008
1705544892462035968
1705585300177690112
1705042450007156992
1706193335390309888
1705153819372409088
1705927542116936960
1706075360567738112
1706167218280435968
1705749547497488896
1706082709421404928
1705735270796173056
1705234849529192960
1705925593218392064
1705134094578206976
1705753710077928960
1704537763721888000
1704979524942103040
1705634407064038912
1705583490561487104
1705670079804722944
1706166500795080960
1706193445886067968
1706015531237296896
1705634000576564992
1704441942428346880
1705460381314289920
1705736047982151936
1706165738747930112
1706075354568022016
1705904278515540992
1705408558884220928
1705298145633797888
1705729420929669888
1706075353067920896
1704769050386533888
1705667199401246976
1706189143848530944
1706104295407034112
1705584908502074880
1705153467795901952
1706238327200676096
1705320872866931968
1706193630888078080
1705927219463339008
1706079047448741888
1706076556443611904
1705061266047838976
1705144397479395072
1706239527103917056
1705728145128851968
1706187672854603008
1705386063779872000
1704335422969364992
1704778991502964992
1705578810976321024
1705241800707546880
1705750582154512896
1705200381320367104
1705556940800134912
1704984168436029952
1705409630404455936
1705125865515616000
1705751022018135040
1704952573962056960
1705374762799577088
1705928304689168896
1702542676889682944
1705408483989268992
1704956415918190080
1705634005076310016
1706078629488836096
1704984504538242048
1704976146966066944
1706192421760477952
1705673664832325120
1706166496294493952
1705154435828865024
1705667193900429056
1706079064950701056
1706188414901939968
1701071844882070016
1705298606660740096
1705323687711705088
1705125725532506112
1705407680537178880
1705560783638983936
1705752518630588928
1705234187084228096
1705669842790407936
1706184140568627968
1705154393831219968
1705988350512456960
1705407695536997888
1705727518162462976
1706009600140943872
1705154763338964992
1709812836554130944
1704537566224451072
1704335425469435904
1701159036390393088
1705144369484283904
1705579343355822080
1706184886100147968
1705406321460772096
1706187787842322944
1705669836789732096
1705928303689348096
1705751389486465024
1705670851203828992
1704956446920519936
1705147680985562112
1705560782638977024
1705323608717206016
1705125568520860928
1705735275796321024
1704867509784306944
1705491373595699968
1705241177222970880
1705667437477367040
1705125994722968064
1705406779422123008
1705234883527567872
1705042435404934912
1705669833789335040
1704977308393270016
1705063287300416000
1705063332004659968
1705907295594360064
1705927214462629120
1705234839529536000
1705560991629477888
1706011646434781952
1706186257853443072
1705550137828571904
1705924631460796928
1705061479154575104
1705152589825564928
1706239754193190912
1705750113711865088
1706080009075267072
1705750591654138880
1701158956303674880
1705646261791083008
1706011425927629056
1706163639695234048
1705126342715926016
1705544681384258048
1706167652303346944
1704977286995239936
1705124482654309120
1705664059872068096
1705288136836800000
1705126340715567104
1705982406034696960
1705152501819983104
1705633884589667072
1705126996556506112
1705544580384206080
1705152508820796928
1705634261553865984
1706186262352613888
1705404891083491072
1705064381163511040
1705583647049702912
1706078629988871936
1705298302650055936
1706011419427638016
1706238434188456960
1705152172901712896
1705635502377946112
1705210782066009088
1706080010075077888
1706187667855495936
1706248439521660928
1706082652816153088
1704979995108668928
1706080015074123008
1704783142309775104
1704887573093936896
1705241823709256960
1705144375983176960
1705199568360022016
1704951816563859968
1705664146374064896
1705061485653679104
1705375635431232000
1705583847565934080
1706167857290776064
1705234198583813888
1705750592654163968
1705212049665366016
1705241663212825088
1705669846791044096
1705063223655732992
1705373068580933888
1705497012624908032
1705407213904303104
1704810488221178112
1705544791969101056
1706239269177678080
1705582249593266944
1705132969076939008
1705754119670616064
1704952408963566080
1705409316424601088
1705894859297505024
1704781949334078976
1701072033492208128
1705146761436216064
1706168496181893888
1705152218396227072
1705213693163282944
1705408735950288896
1705409998404822016
1705582224591777024
1705928315187364096
1705544707382215936
1705288124836773120
1706156252480616960
1705647968064196096
1702954829647659008
1705579834926425088
1706011299920875008
1705928675822428928
1706012076361211904
1704889357571802112
1705125723032612096
1704976155465106944
1705644591766397952
1705635373087928064
1704956491926989056
1705550144828559104
1705491391095086080
1705125993222949888
1705664054871501056
1706248713035760128
1705323617216836096
1701159109885488896
1705320247590152960
1705582247593442048
1701342692990757120
1704979220172114944
1705416596695591936
1704977137905850112
1706187792342910976
1705647928561473024
1705495437612432896
1705153349816753920
1705241146728422912
1705298305650439936
1705072669533547008
1706249015506537984
1704537582226726912
1705125563020119040
1705386538789314048
1705321787875008000
1705125738428589056
1704336346845321984
1705582246593423104
1705375589936282880
1705374757799504896
1705583192422202880
1705644707713307904
1705721882142276096
1705297251691340032
1705200378320858880
1705407687536723968
1705320907860974080
1705126126508867072
1706239133584052992
1705581842881392896
1705237070870740992
1705039864948090880
1705320260590757120
1706009610142109952
1705754123170181120
1705669845790913024
1706248451523291904
1706185310581262080
1706079049448899072
1706238335700788992
1705151116434693888
1705387055633124096
1704782636344356096
1705237179858199040
1705125829016151040
1705152229896872960
1705320821568456960
1704892276502955008
1705544785970116096
1705125791021754112
1705298386148960000
1704855722980249088
1705234856028908032
1705213697663170048
1705544687884293120
1705463136280461056
1706009604141483008
1705319913096015104
1705064392164570880
1705237289845296128
1704979521442638080
1706082643316088064
1705925588717757952
1705234214081852928
1705752779366554880
1704855694477721088
1705375589436294912
1705633804503026944
1705673667832719872
1705409668813829120
1706184877598978048
1705900311491523072
1705669886428470016
1705670074805654016
1705238283322053888
1705321335082291968
1704892285501303040
1705928316095912960
1705923906268350976
1705583328577142016
1704891551833363968
1705982369029277952
1705645772618914048
1705298244641552896
1705904272016417024
1705649941587781888
1705667349396328960
1706238144704901120
1705151111935361024
1704778987003653120
1706163746709007104
1705646108278021888
1706011294921196032
1704977128907556096
1706189383385842944
1709812843054185984
1705550136328551936
1705145782103624960
1706192478850434048
1705241444709018880
1705039906950551040
1705649330503105024
1705409156439057920
1705241666212855040
1704984169936024064
1705199517868013056
1704952532155972096
1705297252691478016
1704976961907351040
1701072029492741120
1705375603822594048
1706104721014715904
1705583428071013120
1705752516630554112
1706239341187773952
1706249019506027008
1705669531280940032
1704889343571953920
1706167850290822912
1705900312991432960
1705132641074948096
1705893537400652032
1705384400788909056
1705584915001460992
1704976811422969088
1702954562628358912
1706168507179855104
1705298244141355008
1705152174901511936
1705730956530193920
1705754842754938880
1705404892583683072
1704979887509242112
1705585305177820928
1704984126437692928
1705980565135533056
1705125732427720960
1705579828426759936
1705495355617819904
1706076184442093056
1705990383516077056
1705152052903064064
1704889353071863040
1705373087080022016
1705407181409704960
1705750117211440128
1706163751709529088
1709812815054426112
1704952420962957056
1706075362042900992
1705236923882647040
1705134346580901888
1705210768565700096
1704889062072758016
1705323611717121024
1705072657533521920
1705923887102167040
1705404553500912128
1704984617037234944
1705323684211753984
1705929665729040896
1705416776203928064
1705407216904099072
1705755954130816000
1705241669712796928
1705154431328429056
1704956376916115968
1705667440477473024
1706193330389733120
1705407170910878976
1705495673832525056
1706239266177317888
1705635365089536000
1701159292396509952
1706078623488564992
1705667343395627008
1705904269516709120
1705407715536599040
1705408565883889920
1705463146780453120
1705664139374312960
1705560975632166912
1705669844790669056
1701158978900292096
1705405249095755008
1705664065872770048
1705753122849541120
1704336338845138944
1706192422260466944
1706013877302187008
1704441940428666112
1705214116155396096
1705407180409842944
1706186453976561920
1705732730955256064
1705893725545774080
1705495397616051968
1705200282825613056
1705665125530526976
1705200398818958080
1705153358315572992
1706011621933102080
1706187426875215104
1704781954333901056
1705751382986686976
1706163751209592064
1705374747299252992
1705152180400571904
1705416775204114944
1704943204022123008
1705064354660673024
1702642216520153088
1704979222671625984
1705579357857786112
1705732737454221056
1704977137405863936
1705297246690789120
1705578637973704960
1705648599105384960
1705298150632873984
1705210768065745920
1705732732454930944
1706015054757075968
1705404616604933888
1706078588983499008
1705728138129041920
1705298597162379008
1705667156898426880
1706248705034526976
1705647971564264960
1705322262351813120
1705665479792907008
1704867922061345024
1705386388527241984
1704952531655780096
1705926019260503040
1706185212688110080
1705667342395671040
1704334941207276032
1706192482850136064
1705665134029097984
1705907289095255040
1705649939087718912
1705404552500903936
1705470243249935104
1705581826879255040
1705544964055164928
1705151124433161984
1705560781138950912
1705669841790272000
1706239752693426944
1705298393649005056
1705634260053818112
1705210779065625088
1705386385026843904
1705560983630988032
1705544926960118016
1701071844382310912
1705150348046633984
1705322598722368000
1705321755383374080
1705126123508503040
1705752511130548992
1705463087783112960
1706104723514206976
1706166503795582976
1705145796601351936
1705648007563052032
1705673671333449984
1705663847781875968
1705153558793698048
1701159290396809984
1704867403286053888
1701159096384430080
1706167651303450880
1705585295677474048
1706192392764520960
1705145476610255872
1706187791342772992
1705583730560512000
1704867503283970048
1705644588767055104
1704346784596374016
1704977291994437120
1705126343215856896
1705585296677600000
1705134206092354048
1705753127348845056
1706239784688393984
1705048449849494016
1705645773118920960
1704808208268616960
1705470238749140992
1705923402212687104
1705064356660929024
1704956413417735936
1705728133629242112
1706015044758699008
1705072628533425920
1705929665229198080
1705893536400862976
1706249024005851904
1705989262465423104
1705560887340424960
1705900318491252992
1705406330459660032
1704537580726556928
1701159237899124992
1705648606605402112
1704867398785925120
1705752261141810944
1705667202901854976
1705495671332534016
1705907281095959040
1705730943530910976
1705153319818992128
1706010233131998976
1705151120433925888
1706013879802094080
1704537565724378112
1705039905950302976
1705929657729452032
1706163749709456896
1705319915095613952
1705212042665432064
1705125566020389120
1705325209164296960
1705893542399879936
1704779172499251968
1706185289080893952
1705063336504697088
1705132967077231104
1704977135906258944
1705144410476921088
1705736051482418944
1705646054671335936
1705753704078438912
1705409145437926912
1705043484388681984
1705152593326084096
1705146759935920128
1705583653550612992
1705407205405230080
1705893739046478080
1706238319200907008
1704867500283586048
1705125832016094976
1705583190421943040
1705375613822219008
1706015497732656896
1704976803422876928
1705125928017807872
1702954566128564992
1705320456185135104
1705664060872224000
1705717639136038912
1705239305304504064
1705154441329415936
1706082645816141056
1706186193361409024
1706076183942279936
1704807273310351104
1705126725037030912
1705544771972665088
1705665473793924096
1705667158898406912
1705409685409911040
1704897010540624896
1705126566524076032
1704952421462917888
1704984616537413888
1705300091660481024
1704979897507799040
1706078588483405056
1705579387359721984
1705664003872645120
1705989804481507072
1705645770618985984
1705990104991108096
1702542672388988928
1705323662211747072
1705125724532503040
1705320899362597120
1705990201006052096
1706186453476555008
1705926015260418048
1704769812864708096
1705234773934209024
1702954837146475008
1705893722045959936
1705241156226807040
1704855711980091904
1705409373919046912
1704952491658104064
1705633869592143872
1705544586884354048
1706166284793339904
1705152500819865088
1706076583545915904
1706239140085030912
1702954922646093056
1705753706078074880
1706076582045562880
1705749548497278976
1704951835063897088
1705409683909890048
1705125992222938880
1705214116655419904
1705556733302102016
1702954827647822080
1705039995446693120
1705410001404601088
1705153809372791040
1705407171910877952
1705409640405479936
1705463097782845952
1705237181857873920
1704952447664677888
1705927216462938880
1705583728560247040
1702954833146964992
1705320873866840064
1704984491538202880
1705752260641821952
1705722851755449088
1704984499038189056
1705064496154352896
1705298250642473984
1706239530604024064
1705146769436550912
1706166288292627968
1704855499480623104
1705925650221345024
1706167857790675968
1705989810981541120
1705583646049466112
1704984498538181888
1704977127907750912
1705667348396206080
1704979991108193024
1704979550137524992
1705210773565658112
1705320871366996992
1706185143597265920
1705323609717105920
1705928465906497024
1704952494157496064
1705923408713508096
1705321792374235904
1706186457976338944
1705320957563494912
1705405237095751936
1705126435509678080
1705578811976225024
1705463183285583872
1705583621549040128
1705385237754371072
1705544781970946048
1705730986028591104
1705409644406094080
1705320442086863872
1706076584546040064
1705298297149318912
1705649286005564928
1706077137451155968
1705405246095862016
1705125730032128000
1705556745799960064
1706188428900838912
1705152271400027904
1705980569635994880
1705386391027688960
1705646270791104000
1705144400478767104
1705581822378584064
1705385238254380032
1705125750229044992
1701342698489946112
1704943197522136064
1705300093660217088
1704984126937677056
1705556953301815040
1705323684711821056
1704979986607527936
1705923404212852992
1705490844601835008
1705722886251008000
1705470246250310912
1702954929146748928
1705578816975291904
1704778988003463936
1705544869564785920
1705548489732401920
1702954931647170048
1705495391616855040
1705322263851819008
1705495350617745920
1705039997946265088
1705323610717131008
1705321762884242944
1704889386572779008
1706187785842050048
1705560786138992896
1705287899338548992
1705404892083619072
1705153816872441088
1705982397033316096
1705928834325421056
1706192103400828928
1704977028912556032
1705729422429583872
1706104533326360064
1705749550496865024
1705323655711900928
1705926370230529024
1705145476110254080
1704441934929619968
1704335429469387008
1704959070832931072
1705987994560816896
1704984495038132992
1705125681924508928
1704941781343663104
1705127005055377920
1705579836926345984
1705063226804944896
1705237923354836992
1705754843254738944
1705298247141853952
1705635371588336896
1705127003555518976
1705040003945861120
1705039859947312896
1705665125030537984
1706239336187226112
1705923913767000064
1705669217383506944
1706238450187970048
1705727527162181120
1705144372483793920
1705907290595162880
1705125703627102976
1705125980221949952
1706192427759568896
1705560784638998016
1706163747208944128
1705405244595845120
1705212076168250880
1705145792602108928
1706166276294895104
1701159280898120960
1705583327076820992
1705063358005965056
1706079058449914112
1701159037890315008
1704977242902106880
1705239308804051968
1704855528981332992
1706080012574448896
1705210784066268928
1705375592935665920
1704867466582060032
1706163696301393920
1705298248142008064
1705321334582226944
1706184892601220096
1706106595318567936
1705125867515774976
1706167661703405056
1705241180722423040
1706104300407001088
1705153811872612096
1705153627293530112
1705061188379929088
1705927549117996032
1705072541523074048
1705544792968896000
1705213692163282944
1705581919586644992
1706193624388872960
1705646094776046080
1705125827016247040
1705322595722447872
1706010234631717120
1704769055387086080
1704809700214027008
1706015533237581056
1705287727364385024
1705374752799508992
1704977301994088960
1705729410429543936
1705649361998746112
1705410008404387072
1705546107928217088
1704979514443664896
1706012086861152000
1705928305688948992
1705125724032617984
1705237185857138944
1705125694126286080
1705061200877616896
1705492438137536000
1705579834426548992
1705750119710969088
1704537568224823040
1705667442477515008
1706166318787344896
1705241180222512128
1705649940087736064
1706238446188090880
1705152583325259008
1706238442188183040
1705125991722936064
1704891554332827904
1705152595326338048
1705374749799535104
1705386541288837120
1705907282595872000
1705132651076512000
1705199517368131072
1706186186861666048
1705416602696112896
1705670374602262016
1705029244497856000
1705323677711218944
1704977290994663936
1705669868129977088
1704867909062501888
1705039935953627904
1705125738928632064
1705924633460488960
1705061743561102080
1705153472795062016
1705409644906138112
1705153808372798976
1705544964555152896
1705298344152326912
1706239132083921920
1706076170444579072
1706104301407034880
1705470246750354944
1705404613604971008
1705463416291480064
1705753125349140992
1705647937062336000
1706166286293036032
1705495438112402944
1705751387486537984
1704855511981494016
1706075358567791104
1705583622548940032
1705648591105413120
1705581922586577920
1706192101401204992
1701072034992037888
1705755956630803968
1705988355512463872
1705893738546520064
1705320897363012096
1705323676365251072
1704952416462926080
1706082642316078080
1705664146874055936
1705125689425568000
1705150343047389952
1705234209582835968
1704943196522099968
1705040008445723904
1705752512130568960
1706082183925341952
1705061599893394944
1706185134099162880
1706184132469874944
1705409977405453056
1706187427375201024
1706104527326359040
1705749563994563072
1705126129009134080
1705125872016186112
1705072619532822016
1705320823068338944
1705153350316715008
1705648596605444096
1705751395986234880
1704984470040065024
1706080014574130944
1705241807208374016
1705544679384599040
1705144410977012992
1705298341152265984
1705544589884229120
1705039947953708032
1704979227170884096
1705635358590504960
1706185151596082944
1705039944953683968
1704537758221198080
1706011353921337088
1706013879302086912
1705386063279719936
1705237186357123072
1705039968951361024
1705063360505995008
1705125690425670912
1705749572492932096
1705405187089754112
1704977021412016896
1705072670533564928
1705579351356889088
1705144361485803008
1705375613322350080
1705144355486907904
1705409976905460992
1706192104900708096
1705925661219471104
1705649350500400896
1704855515481516032
1705300084661633024
1704537573725566976
1705320256590696960
1706165725250255872
1704984160036442880
1705644709713236992
1704984122938465024
1705987999559840000
1706166291292133888
1705893724045794048
1704887448608114944
1705406836525655040
1706013880802016000
1705579354357285120
1706075351044092928
1704956492426992896
1705134099078896896
1706076554943703040
1704781955333798912
1705642529755276032
1706185336679546880
1704855696977901056
1705409151938624000
1705237518353465088
1704334929707643904
1705125994222960896
1705721881642074112
1704952409463546112
1705126427009914880
1705664088375177984
1705670077805139968
1704956453921613056
1705990104999219968
1705583845566358016
1705924625461515008
1706184886600336896
1705405362581550080
1706082646316039936
1704977307993216000
1705925594218530048
1705072630033424896
1705927842825871872
1705646109778363904
1705546097930056960
1705928690820866048
1705126726037033984
1705241442708634880
1705648567779823104
1705039867448551936
1705234777434039040
1704867463081616896
1706010228632762112
1705134347080690944
1706189329889793024
1705199570359699968
1705750583654349056
1705670079304734976
1705064386664097024
1705152582825254912
1706166278794473984
1706239136584588032
1705648607105423104
1709812841554091008
1705722892250807040
1705893736046166016
1705200402318690048
1705988349012421120
1705924626461345024
1705152503320048896
1705927551118311936
1705298601161651968
1704984500038191104
1705241184221873920
1705064358161051904
1705145791602323968
1705126133009556992
1705665484292178944
1705663912778639104
1701159068385176064
1705736048982176000
1706012081361146112
1705237075869870080
1704897001040922112
1705150340547798016
1704867461081355008
1701158964802371072
1706239533604047104
1705544583384282880
1705237298844901120
1705463186786000896
1706167841290684928
1705063252301853952
1704977244402009088
1706011353421338112
1706075354543555072
1705063233155791104
1705407717036388096
1705145473610659072
1701158953304101120
1704891763804524032
1706076167945014016
1705405356082638080
1705735270296166912
1705460385314809088
1705200403818468096
1705043492888261120
1705320824068328960
1705238284822156032
1705144411976791040
1705408571382990080
1706011417427545088
1704889488415129088
1705988345012443904
1705406814024192000
1706186255853882880
1705583702556484096
1705646051670811904
1705410004904385024
1704979517943223040
1706186220857139968
1705544717380602880
1705321338582636032
1704979548137908992
1706168495681931008
1706075353567950080
1704769810864993024
1706104343406576896
1704979229270502912
1705546099929646080
1705237288345388032
1705669892394563072
1705241183221978880
1704984129437481984
1705546093930768896
1705926022260339968
1706075255560954880
1704887566595000064
1705990810944395008
1705324179181084928
1706076580045304064
1704956307916257024
1704980041114963968
1701158986898830080
1705124495152173056
1704441874434928896
1705212091169319936
1705039975450299904
1705894853798428928
1704952314469408000
1706074583101293056
1705583428570999040
1706166346882321920
1705906292118270976
1706192422760282112
1704335424469395968
1705152175401328896
1705320961063998976
1705663990375094016
1705982406534868992
1705988356012471040
1705560848842593024
1705234612553206016
1705544891962231040
1705550147828601088
1705751020518227968
1706185612071746048
1705199522367870976
1704984477539488000
1705132973076410880
1705320250590543104
1706238146704593920
1706075762549372928
1705241674212829952
1704783408297976064
1706238328200717056
1705722881351195904
1705547525287059968
1705583334077315072
1705152270399919104
1701159151885744896
1705298253142781952
1706248413021175040
1705323611217149952
1705408477488333056
1705583188921640960
1705384385291565056
1705578811476237056
1705125684424830976
1706163639195205120
1705923905268572928
1706184895101544960
1705214112655439872
1705237058872785920
1706189338888462080
1705147676985395968
1705755947631472128
1705584899003827968
1704893820092125952
1705062747304643072
1705463413791206912
1705241142229369088
1704779048996207104
1705061601393257984
1705560784138988032
1705646103777465088
1704956300917062912
1705127004555304960
1705753123349527040
1705492437637583104
1705040853925167104
1705556733802088960
1704855526981271040
1705669831789182976
1706188416401932032
1706163642195003904
1704778983004472064
1705673671833384960
1705544977052858880
1705320813068299008
1706184892101024000
1705241817709180928
1704984615037545984
1705126339215249920
1705134210092966912
1706015045758672896
1705751427489489920
1705582232592486912
1705750590154160896
1705125699627118080
1702548480795845120
1705323678865700096
1705320563073660928
1706238291703183104
1705320408090221056
1705409533931799040
1706192489350080000
1704956444920240128
1705152233396684032
1705321234578707968
1705928317687022080
1706193301385265920
1706011884563730944
1705061470655865088
1705386051778031104
1705320555574888960
1705730968030210048
1706010615628833024
1705579360858072064
1704783468303781888
1705495398115869952
1705460374313938944
1705982372029705984
1705581933085369088
1705546171024642048
1705374754299537920
1701158994397511936
1705144361985595904
1704805288325399040
1705751386486526976
1705925664718819072
1706166279794255104
1704979223171610880
1705409996404744960
1705736052482568960
1705125562020111872
1706238334200729088
1705751416987908096
1706166310788691968
1705646268291056128
1705925608120517120
1705387003639698944
1706011661434432000
1705583329577243904
1701158959303262976
1705126126008806912
1705754841255052032
1701159231898263040
1705125685925132032
1705755268424017920
1704346788095790080
1705040855425050112
1705214109155627008
1706167658303467008
1705241593711529984
1705547524787233024
1705460384314680064
1706186256353683968
1706010233631822080
1705667193400332032
1705544573384168960
1706189144348500992
1706015499232718080
1705404890083350016
1705667390400154112
1706082652316121088
1705375610822247936
1705923885602323968
1705646103277273088
1705463135780608000
1705126727037051904
1702954916145483008
1705754117670803968
1704867921061434880
1705751022517938944
1705664142374086912
1705409962407799040
1705894857297633024
1705721878641660928
1705134211593189888
1705649336002460928
1704889356571794944
1705544709881756928
1704783414799046912
1704889341071934976
1705645771118883072
1705583448067568896
1705405352083372032
1705634409063575040
1704984172435834112
1705154440329288960
1705154287348089088
1705989256966341120
1706076504441692928
1705990208507329024
1702954936147708928
1705144394479931904
1705670566284077056
1706185304581018880
1705583487561572096
1705298600661850112
1705927246200105984
1706012079861101056
1705549802330625024
1705927844325672960
1705320907361144064
1704810471219609088
1705643716711034112
1705320823568345088
1705134354579385088
1705241151227678976
1705298353152285952
1705407685036741888
1705929663729137920
1705583325576634880
1705635496877616896
1705408743451515904
1704769813364509952
1705132951077804032
1705556742300460032
1704537769222466048
1705064366161861888
1705384392790309120
1705152594826172928
1705923909767659008
1705152230896829952
1705146753435040000
1705406818024589056
1706075759548937984
1705125797520689920
1705648002063694080
1706187429374916096
1704977124908289024
1705234199583823104
1704537576725955072
1705927543617122048
1705925588217694976
1706011621433142016
1701158953803941120
1705906232594915072
1705199569359915008
1704887572094036992
1705926015760488960
1705320875366778112
1705893734546068992
1705404600104833024
1705375612322341120
1705646265791022080
1701158979900088064
1705493383094803968
1705061605893099008
1706078626488731904
1705463052779153920
1705374759799531008
1706166349381901056
1705321763384293120
1705495358117765888
1705635369088765952
1705924633960323072
1705928842326503936
1705375593935474944
1705669849791249920
1705320408590297088
1706076159946405120
1705321754883418880
1701159230397967872
1706106595818526976
1705126734036964096
1705407178410088960
1701159105885363968
1706185611071738880
1706166348382102016
1705644586767341056
1705989516022321920
1705322600222238976
1704439257472975872
1705153775274365952
1705042439905744896
1705406782421984000
1705298339652221952
1705665135028888064
1705072577328314112
1705670082304231936
1706012085361213952
1705729417929594112
1705988352012489984
1705236921382721024
1705387000639644928
1705234184084435968
1706082646816055040
1705989795480926976
1705406326960133120
1705754125169913088
1706168504680509952
1701159286897295104
1706192386764886016
1706078579982319104
1705927212462299904
1706193617390134016
1706184883599857920
1705669547283408896
1706167217280304896
1705646109278159104
1705495389617157888
1706166314288067072
1705407216404075008
1705635485376285952
1705894860297302016
1705495670332527104
1705234187584226048
1706186219857104896
1706163924722415104
1704984614037643008
1705241820709256960
1705386055278480896
1706166313288271104
1706163640695112960
1705386058779131904
1704974794021143040
1706188421901689088
1704984161536289024
1704984620536780032
1705408477988520960
1706104569324339968
1705323682711656960
1704984141536993024
1705150349046526976
1705324179681049088
1704959063834212096
1705405188089976064
1705416772204513024
1705298158131990016
1705405192090605056
1705923901101230080
1705648601105382912
1705410012904517888
1705234879528056064
1705406834025202944
1705039973950414080
1705491389095354112
1705407710036881920
1704979996609018880
1704808799760022016
1706163934720929024
1705560981631330048
1706076561943680000
1705235505500908032
1702954829147688960
1705751027017195008
1704855697978149120
1706185295581342976
1706187795843227904
1705495675332528896
1706166324286245888
1704979997109062912
1704855724480247040
1705735278296221952
1706185150096217088
1705644703713382912
1705925647221814016
1705722848255963904
1705322982179911936
1704941779343727104
1705634002076463104
1705923903268995072
1705409163940104960
1705375631931921920
1705560888340339968
1705544584384285952
1705663846781751040
1704977303494007040
1705927251700434944
1705237073870203904
1705234611053318912
1705583652050446080
1704537761221568000
1706104354907547904
1705320810568303104
1705153811372734976
1706015053257268992
1705321241578468096
1705751380486735104
1701343169472143872
1704984158036386048
1705408740951067904
1705753701578755072
1705241671712803072
1705990106999171072
1705237060872372992
1705635501377935104
1705491380095732992
1706167856790766080
1705900305991676928
1705318763640569088
1705989802481447936
1705234850029069056
1705584910501764096
1701159278898414080
1705990202506395904
1705323609217228032
1705145474610552064
1706082780821185024
1705063339004689920
1705297242690790912
1705669853891919104
1705463043278910976
1706015530237090048
1704889291078234880
1705235508500823040
1705039932453678080
1704951822063798016
1705408742451393024
1705040844426893056
1705298392148990976
1704984607038057984
1704855504981320960
1706186452976563968
1702954836146673920
1705298254142932992
1704952314969496064
1705409314924827904
1705407182909299968
1705134356079079936
1705727529662419968
1705579389359980032
1705375606822402048
1705578636473605888
1704889340571923968
1705721888643119104
1705407720036005120
1705583326076681984
1705991029419330048
1705581829879748096
1705545087851907072
1706011654934839040
1705460365314247936
1705751418488087040
1705491377595707904
1705235498501189120
1705200326824550912
1705721305618539008
1705405358582298112
1705926377230612992
1704783406797827072
1705635499878030080
1705906285619035904
1704855540981114880
1705072652033474048
1705374757299492096
1705583644549284096
1705147679485396992
1705923914766789888
1705647980564284928
1705125700627143936
1706075350044268032
1706166353880998912
1705669009894854912
1701342696490348032
1705406776922198016
1702954925146352896
1704889065072845056
1705213702162945024
1702542677389775872
1704867500783527936
1702954838646089984
1705583611549201920
1705145638522937088
1705410007404329984
1705923403212722944
1705320559574322944
1704335216477710080
1706166278294486016
1705729411429570048
1706079062950377984
1704335424969425920
1706011426427642880
1705728151128634112
1705649334002651904
1705241150227937024
1704897006540707072
1705152508320865024
1706187435873744896
1705755951630963968
1705144369984268032
1705755948131301120
1705649290504891904
1704954115964515072
1704855721980180992
1705322257851772928
1705298599161952000
1705583501561040896
1706184873598353920
1705664139874230016
1705669841290089984
1705579348856421120
1706015043758914048
1704891773302910976
1706074591602272000
1704952309968724992
1706187671854699008
1705925661719281920
1705387001639663104
1705407685536684032
1706185303081122048
1705988003559388928
1704984494538126080
1704952419962936064
1705990390014926080
1705409666813925120
1706075250561889024
1705925319209144064
1705408730449619968
1705152042403004928
1704439255473298944
1705152165902642944
1704808206768557056
1705926375730587904
1705145783103649024
1705154443329660928
1704889498916283904
1705064389664410112
1705323656211922944
1706104124400200960
1705063220655607040
1705408559884248064
1702954921146032128
1705043486888408064
1706104716015458048
1704778986003869952
1705125984222511104
1704952579962061056
1705408474988029952
1704976154465079040
1704346784096385024
1705664098875706880
1706075354043565056
1706248410020943104
1705322258851779072
1702542678389916928
1705582245093390080
1702954828647825920
1705491383095683072
1705544676884962048
1705405366580915968
1705749538499047936
1706011419927518976
1705663993374585088
1705384738881385984
1705583502061073920
1705732737954057984
1705154428328560128
1705410016904836096
1706079949979410944
1705407719536045056
1705064505654110976
1705237933853349888
1701159159886939904
1705147675485320960
1705749566493961984
1705722889250981120
1705583505560421120
1705669548283534080
1704867503783910912
1705061195378769920
1705323650212681984
1706165737748126976
1705386533290272000
1709812836054080000
1705581822878626048
1705063225155675904
1706239783688498944
1705647981064291072
1704976145466184960
1705670714798390016
1706239265677360896
1704441932429932032
1705200378820677120
1705463038778752000
1705578639974045952
1705321813371559936
1705755264424672000
1706184135969364992
1705322596722345984
1704769816363993088
1705318824640947968
1704977290494679040
1704897003040850944
1705988349512434944
1705237063372070912
1706011427927565056
1706163635695347968
1705728134129159936
1705375605322565888
1705237072370432000
1705988344512429056
1705560776138546944
1705322607221858048
1705152273400323072
1706104562824207104
1705729413429606912
1706156250980697088
1705578644974272000
1705463088782991104
1702542678889959936
1705667388399751936
1705407688536738048
1705375602433844992
1705405197591270912
1705407692536806912
1705727519662381056
1705072626033405952
1705754124669947904
1705374755799576064
1705145489610226944
1705669546783362048
1705200329824037120
1705585298177764096
1705894858297721088
1704769880163802112
1705634004576420096
1705463184285711104
1705200404318450944
1705550140328605952
1706167654803373056
1705416608696673024
1705384744380837888
1705409961907813888
1705980561635256064
1705029236997112064
1706193631888090880
1705406319461108992
1706163711303651072
1706238145704822016
1705894859797313024
1706074587601698048
1705669006394473984
1705043485888539904
1705544716880807936
1705234602053683968
1704951826063898112
1705408569383288064
1705990105999255040
1705544874064048896
1705134342081676032
1705063222655680000
1704956310415714048
1706238142205308928
1705040010445657088
1705980559134912000
1704952308468505088
1705545088351863040
1705929662229223936
1704537577726196992
1704959062834245120
1705923499607087104
1705669211384399104
1704889299077047040
1704334927207676928
1704805296325754880
1706010235631508992
1706079060950107904
1705730959030141952
1705063274799712000
1705634402064677888
1704783140310223872
1705546101929342976
1705409976405548032
1705990215008221952
1705642528255256064
1705039992947197952
1705125746229817088
1705490853101479936
1705667206402296064
1704956447920624896
1705634413562799104
1706166325286160896
1705497011624899072
1705320811568261888
1705669206885142016
1704984502538217984
1704783143809474048
1705927842325882112
1705241796707237120
1705495360117768960
1704782632345064960
1706163749209349120
1705241151727461888
1705241141229477120
1705323650712470016
1705134345081135104
1705579822526914048
1705237295345101056
1705154280349265920
1704855698478085120
1705072624533360896
1705460376313869056
1706078625988722944
1705669887894597888
1706078574481761024
1705491383595688960
1705416609696803072
1705729417429580032
1704956374416257024
1705145793102093056
1705904275016043008
1704984073547228928
1705040854924954880
1704956364416420096
1704889286079196928
1705406328959830016
1706248757534237952
1705544576884249088
1705581914586828032
1705669874129990912
1705152267899506944
1704979982606892032
1704979553137456128
1705583434569929984
1705408732449849088
1705404599104827904
1705649284505699072
1706238449687941120
1706238284703290112
1705583497561214976
1705736045982041088
1705234177585177088
1704809699213785088
1705152170402095104
1705927554118804992
1701342693490585088
1706080004576022016
1706075258560459008
1705581841881404928
1705927550118155008
1704855689476923904
1706166293291730944
1705670385603961088
1705928830825350912
1705642519255305984
1705241593211525888
1705728152628573952
1705325600151205120
1705665487291560960
1705385250853616896
1705298247641960960
1706167209779495936
1705751398986056960
1705664062372435968
1705061466156422912
1706076555943603968
1705493382594840064
1704867456081052928
1706167659803393024
1705670713298213120
1705989803981478912
1701159237399085056
1705237183857453056
1704867918061805056
1706168508679640064
1705234848529184000
1704867462581552896
1702954915145349120
1704897007040762880
1704694185196564992
1705490852101570048
1704335222476998912
1706239758292311040
1705321780886864896
1705408574382547968
1704979518943108096
1705200279825351936
1704892287001167872
1705039972950617088
1705893733545928960
1705926017760552960
1705583736561516032
1706011821570393088
1705750592154142976
1705578809476539904
1705199516368096000
1705544893961928960
1706166351881405952
1705750581654484992
1705409995904721920
1705544677384822016
1704334937707298048
1705549797831377920
1704889355071771904
1706104567324267008
1704867498283216896
1704952575962093056
1705755261925096960
1706082707921373952
1705583618549113088
1705665483792190976
1704952313469164032
1705153559793818880
1705150346046960896
1705633880090413056
1705925656220381952
1705061742060929024
1705387048634355968
1706082711921462016
1705544786470215936
1706186225856708096
1705649354499898112
1706104294907016960
1704984483538793984
1706185135098947072
1704895595053327872
1704855721480175104
1705928689821068032
1705649468582968064
1705241434207501056
1705152515321871872
1706011623433121024
1706238147704389120
1705153785773690112
1705154292847365120
1706166304289899008
1704855534481236992
1705151115434800896
1705406781921999872
1705667353396773120
1705463412291120896
1705635502877974016
1705407692036847104
1704952317469698048
1704976966907079936
1705460384814746112
1702954935147557888
1706076576544839936
1704778985504115968
1705405369580273920
1705405236595757056
1705735273296208896
1704779042496487936
1705321327581920000
1705409157439284992
1705236922382722048
1705154385332632064
1705322269351864064
1706166498794810880
1705212050165369088
1704769808365029120
1705145478110246912
1705405251595782912
1705923903768835072
1704951818563846912
1705495440612167936
1705491390095271936
1705470229247808000
1706163641695117056
1706166316287769088
1705300092660399104
1705407719036144128
1706015506733596928
1705154761339045120
1705583744062491904
1705556941300090880
1704979527941629952
1706186263352348928
1706076153647499008
1706104289906938112
1701071850881239040
1705663999873370880
1705633870592048128
1705583703556592128
1706076146048961024
1705989801481425920
1704807267310789120
1706165801836595968
1705153345817285888
1705495439612274944
1705560847342566912
1705583702056325120
1705146757935675904
1705550205323536896
1705583487061612032
1706185297081346048
1704979513943737088
1704441875934845952
1705649935587607040
1705237519853783040
1705387050134251008
1705736053982718976
1704984472540090880
1705061187379932928
1706167840290663936
1706011360421486080
1702542684390831104
1705578643974318080
1705735262797268992
1704537573225526016
1705490855101409024
1705144360485942016
1704783405297488896
1705579367358105088
1705991032918710016
1705406317461423104
1704977081412998912
1705549803830324992
1705585298677775104
1705982367028900096
1705061269947638016
1706010231132416000
1705667438977549056
1705154760839132928
1701159067385170944
1705213696663173120
1704439252973753088
1705061484653777920
1705405360081993984
1705550207323450112
1706189382885839872
1705323661211739904
1705289038573744896
1705404556500723968
1705928311188026880
1705633887589085952
1701158956803489024
1702954824147714048
1705904270516636928
1704887507597741056
1705463404291024896
1704984621036715008
1704694177197655040
1705663879783153920
1704868884604236032
1705298395649197056
1705544724879388928
1705406783921921024
1706187801844152064
1705669843290450944
1704694187696254976
1705990102499318016
1704959065333785088
1704984616037334016
1705408728449254912
1705646092775784960
1706239333186765056
1705409639405360128
1706248709035058944
1705717640135835904
1705463398291077888
1705644710713144064
1705989545452222976
1705750605254121984
1705495674832521984
1704335428469358080
1704769820363235072
1705145489110228992
1705578646474247936
1705241671212800000
1706104353407276032
1705405241595802880
1706186195360993024
1705320822068442112
1706075352067997952
1705386390027557120
1705581841381310976
1705582234092772096
1705667141399865088
1704782651844060928
1705321333582095872
1706013881802055936
1705237062872089088
1706012077361174016
1706076560443697920
1705234617053048064
1706015495232399872
1706075349568035072
1705904279015514880
1705491380595760896
1705200396819077120
1704977296494220032
1705241178722746112
1705072669033558016
1705987995060811008
1705042436905312000
1705907293594651904
1704439267970926080
1705063356505954048
1701071845881849088
1704976146466082048
1706163752809839104
1705649286505511936
1705990111499055104
1705298154132231936
1705153626293744896
1705990393014287104
1705673661331881984
1704956454921741056
1705152048903024896
1705927853923916032
1705406386051932928
1705649471582761984
1705669007394603008
1704889064572812032
1705152051903062016
1705321777886352896
1705460381814467072
1705649474582742016
1706184137469149952
1706192425259990016
1705665474293729024
1705404888583148032
1705152038903501056
1705669869129984000
1706166501295288064
1705667446477582080
1705649356499590912
1705152589325516032
1702954917645537024
1705134100579059968
1705064358661224960
1704783148308711936
1705146763436509952
1705646091275601920
1704769591189856000
1705146762936406016
1704952445664741888
1705664003372838912
1705927249200495104
1706184887100273920
1704810465719655936
1705298152632455936
1705583198923162112
1702548486796811008
1704805278824403968
1704895592053677056
1705210767565573120
1705548480731279872
1705925620122292992
1701159055887100928
1705583319075702016
1709812806054427904
1706239530104016896
1705124491652692992
1705635356590969088
1706167219280689920
1704952442664794880
1705386054778544128
1705893721046052096
1706011886563358976
1705645778119088896
1705928301689619968
1705670076805235968
1705387054133527040
1701071841882603008
1705241668212766976
1705373074080820992
1705322599222238976
1701159102885233920
1704867942557645056
1705323664211643904
1705040843427090944
1705556749299520000
1705040846426590976
1705126434009647104
1705237182357858048
1706082782321103104
1706166283793530880
1705384759378097920
1705039961452750080
1704956377916035072
1706189337888656896
1706192111399386880
1702954830147629056
1705064363161657088
1705928676322331904
1705404894583778048
1705318773641411072
1706015048258206976
1705322599722259968
1704952484659331072
1705404882582619904
1706185144097361920
1706193625388669952
1705736048482109952
1704867513284047104
1706163748209103872
1705063216655469056
1705063366505906944
1705649291004864000
1705544577884270080
1706189142848634112
1705648605105388032
1705043529486139904
1705124493152470016
1705145797101440000
1706078636988901120
1705154387332314880
1705642526255314944
1705405252595791104
1705583645549394944
1705581931585359872
1705319903097370112
1705386053778408960
1705152175901292032
1704891794302214912
1705214108655603968
1705322596222435072
1705583836067878912
1705735265796749056
1706167654303364096
1705544969554372096
1705669842290210048
1705072579828610048
1705410009904240128
1705145481110270976
1706185135598746112
1705982374029988096
1705298209136250112
1705125926017787904
1705751419988419072
1705735276296357888
1704779174499630080
1705063277299838976
1705234182084615936
1705560987130417920
1705039902450017024
1704778984004272896
1706187784341946112
1706239137084634880
1705125751430586880
1705667159398414080
1705072668033559040
1705386383026781952
1704951827063805952
1705062750804718080
1705213695163194880
1705648612105816064
1705560894839479040
1705126131509259008
1705408732949890048
1705319907096728064
1705384394290093056
1706163744708612096
1705990117999097088
1705730954030132992
1705200382320152064
1705323662711657984
1705234885027155968
1704979556137274880
1702642223020057088
1705982398533659904
1705386041276677888
1705550147328593920
1705408570883155968
1705547515788329984
1702954565128736000
1705235499501328896
1705199514368140032
1705667341895796992
1705583612049393920
1704979226171078912
1705907294094640896
1704783143309558016
1705134207092477952
1705645767118800896
1705750119211141120
1705048453850109952
1705735276796254976
1705134096578454016
1705298346652265984
1704867948056688896
1705199512368186880
1705649337502063104
1704537576226022912
1705579358357942016
1705578647974262016
1705925314709271040
1706165733248907008
1705416780703408128
1706082710921438976
1705990387515222016
1705752767368174080
1705750601654146048
1705298298149448960
1705582221091727872
1701072033992168960
1705404615104915968
1705406329959699968
1705990203506533888
1705386384526810112
1705409535931339008
1705321778875457024
1705664100875631104
1705134111080442112
1706078583482635008
1704769593189437952
1705927239699122944
1705546173524862976
1705560892839794944
1704891793802189056
1705152232896662016
1706011420927550976
1709812837554029056
1705288124336764928
1705200338323838976
1705320439586822912
1705560894339514880
1705321758883858944
1704867464081761024
1705463182785392896
1705323615716961024
1705649282505761024
1705237060372558080
1706013418055867904
1705497002125325056
1705124485153748992
1704979217672668928
1706189137349166080
1704441877434727936
1705736050482277120
1705755255926148096
1705670846703316992
1701159232398302976
1705410010904328960
1704807266810804992
1705649469082884096
1705893538400475904
1705375624932274944
1706078582482519040
1705495676332540928
1706187799343834880
1704977134406381056
1705321339582768128
1704769878163764992
1705647969564242944
1705556746799887104
1705289050575505920
1705409161439785984
1705416594695673088
1706010226633142016
1706186260352873984
1705583616049294080
1704984481039036928
1705125729427344896
1706165734748684032
1705061193878895104
1705210785066294016
1705061749561957888
1705298210636424960
1706189377885775872
1705320211584858112
1705664099375695872
1705416604196199936
1705406788421736960
1706011882064214016
1706166282293744896
1705154294347132928
1705928311095354880
1705409317424496896
1705323619716762112
1705416613197169920
1705749570493228032
1706189375385778944
1705404609104945920
1704887451107862016
1705670714298343936
1704891771803147008
1705152593826016000
1704694169198201088
1705040854425152000
1705544714881048064
1705320874866859008
1704891767803802112
1705072575328062976
1705320560074242048
1705893527401844992
1702542683390587904
1705040849426086912
1704979515443544064
1705298387648995072
1706239286179741952
1705665482292481024
1704977132406818048
1704855546481020928
1705927558119376896
1704335420969318912
1706077143451909120
1704336341845292032
1705555907281295872
1705374754799556096
1706104562324387072
1705755261425303040
1705410015404683008
1705581839881184000
1705635494877481984
1705755946631567872
1705544771472684032
1705644589766821888
1705048451349669888
1705463040778775040
1705320440086832896
1705072625533403904
1705555902280532992
1705320826568421120
1705893541400087040
1705321242578533888
1704895590553953024
1704951831063848960
1705239297305650944
1705410011404282112
1706193240880921088
1706187424875634944
1705907281595968000
1705556949801243904
1705320818568299008
1705583326576773888
1704941778343706880
1705664002872850944
1704867513783970048
1706167662703468032
1705463046278937088
1702954820647777024
1704891800201873920
1705237516353229056
1704889346071877120
1705560844342515968
1705124482154323968
1705670845203101952
1705320217585576960
1705146754935206912
1704897002540823040
1705578818475077120
1705753126848862976
1702954928146621952
1705061483153999872
1705154383832862976
1705236930382473984
1709812839554056960
1704537581226599936
1704335427469334016
1705134196590973952
1704984613037853952
1705321783387337984
1705900309991570944
1705669546283308032
1702954839646000896
1705145800100882944
1705928314187566080
1705665129030016000
1705125832516007936
1706009609642062080
1706184136469356032
1705928688321187072
1705669010894950912
1704441879934651904
1705750116711362048
1705407682536932096
1704956487426531072
1705408480488808960
1705667385899271936
1706012072860869888
1704984503038223104
1705241831709201920
1705463101782888960
1705318773141383936
1705298146133786880
1705125731427595008
1705406323460581888
1705649335002533120
1705320901362249984
1705755266424450048
1705634414062776064
1705405193590661120
1705735271796175104
1705545087351732992
1705152179900742912
1705319905097081088
1705241821709253888
1706167210279452928
1705665473293936128
1705134105579784960
1705237181358080000
1706248761034260992
1705039938453678080
1704977025412039936
1702954924146198016
1705669867629956096
1706080013074439936
1705373078580601088
1706076139050077952
1705927245699907072
1704984479039351040
1704952417962987008
1705732752952837888
1704334940707248128
1705751419488227072
1706163632695393024
1704980033614204928
1706078584982982912
1705463148780601088
1705923886102312960
1705559978373240064
1704976970507072000
1705555898279880960
1704984075546796032
1704769593689536000
1705752775367211008
1705583194922547968
1706185293081246976
1705154432828495104
1702542676389637888
1705463099282864896
1705669874630024960
1705584914001491968
1706163634195284992
1705241604711546112
1705926011260032000
1705153774774379008
1705548487732256000
1704977129907334912
1704984149536909056
1705751425989294080
1705153557793485056
1705145478610248960
1704976812422873088
1706013419055998976
1705722879351272960
1704809698213673984
1705490845601729024
1705560889840217088
1704979997609147904
1704769876163841024
1706193442885611008
1705375592435677952
1706015057756498944
1705040850925681920
1706015050257726976
1705649330003270912
1705409315924615936
1705560782138978048
1705234779433944064
1705213696163258880
1705298385648946944
1705633883589760000
1705125822516375040
1704952536656556032
1704984494038121984
1705039866448425984
1705491377095726080
1705581919086670080
1705644587267331072
1704979549637753088
1705556743800344064
1705213699663030016
1705125804519386880
1704889356071814912
1706011653434914048
1705387006139627008
1706239135584448000
1705234603053570048
1705239308304229120
1705407180909720064
1705583330077300992
1705550202323609088
1705200327324538880
1705287720364314880
1705752256142685952
1705151126932807936
1704895594053477120
1705560893339616000
1704984144036903936
1704952419463031040
1705385244754398976
1705750112711956992
1704979558137233920
1705633805002948096
1701071848881332992
1704984503538230016
1704537765221965056
1705132631575024896
1705560989629797120
1706011878564556032
1706188618352672000
1705735266796624896
1705583639048712960
1705408465486827008
1706189371385812992
1705927211962362112
1705237175359148032
1705546103428941056
1705061600393250048
1704889377572797952
1704867914061995008
1705663873283347968
1705735256397658112
1705546111927505920
1705735272296186880
1705470232748439040
1705544966054860032
1705199571859302912
1705300088161112064
1706011425427621888
1705925591218125056
1705405359082097920
1706188623352664064
1701072035491866880
1706239278678704128
1705924625961491968
1705241658212759040
1705578640474149888
1705493391093760000
1705670844202942976
1706239786688350976
1705241597211557120
1704952448164680960
1705323651712231936
1705325210664198912
1705043525986846976
1705988481004084992
1705298298649385984
1704892281002226944
1702954923646237952
1705463145780442880
1705583840567203072
1705544970054173952
1705649284005771008
1706009602141210880
1706076503941683968
1704769876663849984
1704891516537952000
1705544935459847936
1705647932561872896
1706076182942482944
1706078630488881920
1701343165971460096
1705234197583877120
1704952417462970880
1705578808976713984
1705648560280171008
1705463186285957888
1705384383291977984
1705556954301946112
1706104351907051008
1705125934017647104
1705061745061274880
1706166312288475904
1702642222020194048
1705648591605466880
1706106594318444032
1705579819627597056
1704769883663860992
1706015539238330880
1705322978179997952
1705404603604869120
1704956308416058112
1705039871449044992
1705751385986507008
1705200399818873088
1706184134469469952
1705241803707813120
1706238322200718080
1702954919145716992
1705646262791090944
1705287714863578112
1706238332700699904
1705751421988672000
1706156252980630016
1704810484220734976
1705750111212082944
1705463407291065088
1704779167998545920
1705667335895960064
1705322989679642880
1705721883142404096
1704979520942808064
1705072636533377024
1705583704556716032
1706013412054955008
1705649462583657984
1705463146280445952
1706082779321164032
1705416611196995072
1705670569283892992
1705407711536781056
1709812805554510080
1704537568724865024
1705237287345534976
1704984124938012928
1705061474155279872
1705583706557050112
1705239310803846912
1705406407048770048
1705145788103068928
1706012082861180928
1705373073580817920
1704977293494466048
1705200285826036992
1706167209279422976
1706102384924131072
1704959058335087104
1705039869448664064
1705386393528000000
1701159291896700928
1705407714036716032
1705990112499001088
1705063333004644096
1705928313595608064
1705152039403464960
1705990003978102016
1705061272447811072
1705150349546489088
1706078624988711936
1704769814364299008
1706238291203170048
1705751016518670080
1704867466081884928
1705409963407585024
1705546112927297024
1705722839257383936
1705991028919229952
1705153625793812992
1705061196378567936
1705633803503025920
1706075356543184896
1705404799591695872
1705072621533018112
1704336328343566080
1704956371416284928
1705544873564240896
1706189377385766912
1705152225397029888
1704805291325670912
1705460368314074880
1706238289703238912
1706011292421690880
1705064351160483072
1705405238595756032
1705152507320678912
1705929671728859904
1705928839326176000
1705664088875244032
1705544707882042880
1705735247397592064
1705989281961826048
1705241182721995008
1705322974680231936
1705212069667207936
1705405184589402880
1705325210164194048
1705649331003181056
1704779099996371968
1705750600154234112
1706185295081428992
1705664147373916928
1706239351689549056
1705410016404772096
1704781941334311936
1706249016006342912
1705407680037359104
1706238325200689920
1705213692663307008
1704783139810128896
1705463045278924032
1701159234898630912
1705550134828531968
1705125999223024896
1704959067333463040
1704867512784078080
1704891763304538112
1705495399615730944
1705548486732123904
1706238140205613056
1705043519887292928
1705152509321022976
1705409542430232064
1705151114435013888
1705409969906323968
1704893825092356096
1705409162939955968
1704889068572879872
1704782637844090880
1705322611721030912
1705667347396073984
1705373064581073920
1705409538431058944
1705298349652322048
1705063360005956096
1705132642575076096
1705583726559836928
1705134193590512128
1705648592105479936
1705126114508536064
1705125927017797120
1705300087161207040
1705409144437801984
1705670073305868032
1705750600654244096
1705200399318956032
1705924631960605952
1705040007945701120
1705416599695840000
1705990206506967040
1706079048448876032
1705375608822343936
1706193324888747008
1704867465081871872
1706082173424811008
1705667147399793920
1701158991398025984
1705063226304922880
1705644592766233088
1705928835325476096
1702954834646872064
1705648610105543936
1705894861297097984
1701159044889039872
1706239278178746880
1705153787773605888
1704979524442117120
1705926375230567936
1706248442021978880
1705236929882451968
1706166281793934080
1705072655533490944
1705491382595678976
1704952311969101056
1706076580545391104
1705649280005669888
1705649470082874112
1706104127900045056
1705463052279159040
1704956443920133888
1705406332459374080
1705989517022121984
1705667391900218112
1704956375416137984
1705669210884409088
1705556740300862976
1705560836342473984
1705722886751035904
1706188423901718016
1705125925017783040
1705146765436552960
1705667208402612992
1705125800520134912
1706163640195088896
1705584902503230976
1705404556000811008
1705893534901255936
1705072580828849920
1705213694663206912
1705039873949505024
1705555895779569920
1705470230748094976
1704778987503635968
1706166345382629888
1705325211664229888
1705407677037773056
1705550135828547072
1705298255143067904
1705235505001031936
1704867917561815040
1706187791842728960
1705125744429699072
1705929660729285888
1705584897503788032
1705560773138057984
1705125982222160896
1705321753383180032
1701159224897164032
1706076161446328064
1705241672212807936
1704892284501518080
1705667442977521920
1705241174723488000
1706239262677029120
1705153569295198976
1705729419929637888
1705928304189337088
1705721884142533120
1705927543117072896
1705988359512460032
1704977128407571968
1705405191090371072
1705298214636975104
1705405176088173056
1704943208522215936
1705663910279083008
1701159223396881920
1706248714535920896
1705906234094813952
1705924622961990912
1704889292078134016
1705925590717932032
1706239337687301888
1704855541981027072
1705923914266989056
1705735250897659904
1705649315503203072
1705751399486045952
1706166348881912064
1705325608152459008
1705495361117775104
1705320218585731072
1704951827563813888
1705730944530728960
1705384400289085952
1705928683821828096
1704889489915363072
1704976144466400000
1705386043276791040
1705234213082092032
1705321331581784064
1705669203885624064
1705214111155546112
1705144370984161024
1706185148596451072
1706239351189356032
1705072534022441984
1705407214904203008
1704979982106958080
1704807271810461952
1704891527036594944
1705648594105377024
1704346785596175104
1705925667718341888
1705072664533488896
1705989551452475904
1705039870948997120
1705583493061310976
1705235507500924928
1705664001373262080
1705581830879870976
1705906230094961920
1705200290326414080
1705923899101260032
1704889066572856064
1705063222155681024
1705491386595784960
1701159095884464128
1706104342406520064
1705669834789467904
1706009607641917952
1704959069833135104
1705404553000888064
1705321336082408960
1705212090669317888
1704889344571855104
1705210776065561088
1705154442829603072
1706189336388922112
1705289049075353088
1705320559074337024
1705406411548507904
1705649290005104896
1704807282310024960
1706185307581031936
1705298161132001024
1704954114964724992
1705669540282372096
1705667340395758080
1702954839146081024
1705321777375569920
1704976811922981888
1705463143280368128
1705237059872572928
1705154390331770880
1705722841757094912
1705407684536738048
1705664053371411968
1705583189421832960
1705042443406198016
1705730993027623936
1704984497538161920
1701159291396741120
1705581826379213056
1705544705882336000
1705669888894614016
1705241155226909952
1705072668533555968
1705665482792285952
1705212052165406976
1705375619821968896
1704889343071949056
1705751417988043008
1705982400533936128
1705752777866693888
1705063262300026112
1705321240578566912
1705321334082160896
1704808791259047936
1705644705213355008
1705153614793854976
1705404551500999936
1704889347571895040
1705635503377872896
1704537773722883072
1706238283703356928
1706192429259184128
1705241605711534080
1706011615433093120
1705134192590373120
1705990099999686912
1705560774138181120
1701343173472773888
1704976957907496960
1704984607537950976
1704956373416233984
1705547521287678976
1705643719210428928
1705663919277743104
1705982408535134976
1705927846425088000
1704979523442330112
1704977292994437888
1705544789469596928
1705735261797379072
1706168503680627968
1705298160131926016
1705755260425400064
1704537767722268928
1705241800207483904
1705669852291716096
1705556959302648064
1705147674485229056
1705735254897632000
1705729409929536000
1705550133328513024
1705990107991065088
1706166504795716096
1705404815088823040
1701071849381369088
1705664095375835904
1704779174999563008
1706239343688224000
1706166314788165888
1705495436612517888
1705925619122141952
1705583331077281024
1704781957333811968
1704441942928146944
1705730978029689088
1704893818592078080
1706193322388446976
1705925659719717120
1705408476988400128
1705667192900285952
1705152040903340032
1706076138550280960
1705989925472220928
1705635356091311104
1705237292845232128
1705239307804263936
1705061268947756032
1705752255142893056
1705648609105423104
1705550134328527104
1705980567635751936
1705039910951051008
1705200286826055936
1705387006639639040
1704984178434952960
1705063234655771904
1701342699989808128
1706078626988760064
1701072028492675072
1706189330889580032
1705670569783884032
1705544975053274112
1705635491376975104
1705154381333370880
1705039904950170112
1705154289348045056
1705029236497047040
1705406775922270976
1705751413987518976
1704783464803748096
1705241801207603968
1705212082169105920
1705320825068374016
1705374761799568896
1706249012007170048
1705134358078758912
1704956362916496896
1706076555443600896
1705669849291313920
1706163928721814016
1705463184785646080
1705927205461337088
1705579344855771904
1706076192440688896
1705643722209917952
1704855698978285056
1705560990629694976
1705321814871205888
1705643718210632960
1705583854065353984
1705987993061263872
1705132641574991104
1706015537738149120
1705646271291110912
1705579394860256000
1706238323200728064
1701158977900408064
1705405233595708928
1706078622488404992
1704889061572741888
1701158988398540032
1705200330324061952
1701071840882811904
1706078632988840960
1701159158886701056
1705736041982162944
1704977291494522880
1706079950479377920
1705406773922212096
1705063340504691968
1705989257966139904
1705153559293629952
1705663850782193920
1705409973905861888
1706187682752741120
1705214138652145920
1706239790187921920
1705385235754327040
1705646057671706880
1706104726513573120
1705152168402265088
1704977125408104960
1706238285703137024
1705544582384247040
1705199527867188992
1705990211007549952
1709812840054061056
1706166285793234944
1701343173972702976
1705579825226777088
1701159043389410048
1705039947453699072
1704855713480122112
1705579386859535104
1705544579384294912
1705583842566895104
1705583637048578048
1704769602787821056
1706013873302296064
1705670710297648128
1705407217404112896
1705072620532892928
1704805279824530944
1705241184721676032
1704943200522064896
1702542669888669952
1706104298907083008
1705241185721464064
1705287719864325120
1705578644474216960
1705750583154531072
1705463181785270016
1705664000873274112
1705153813872631040
1705127000055870976
1706076562943684096
1705064356160847872
1705584906002699008
1705735251397667072
1705990110491151872
1704980032614190080
1706189139349155072
1705893725045806080
1706167843790612992
1705039971950835968
1706167665203771904
1704867408285943040
1705894862296889088
1705980571136248064
1704807282810051072
1706184878098910976
1705241438708178944
1705559977373124096
1704952568461300992
1705928465406409984
1705134113080375040
1704867939558176000
1706156255980689920
1705460369814109952
1705145640022941952
1705134102079374080
1705298353652293120
1705923910267648000
1704941773843713024
1705927257200432128
1706165734248695040
1706163710303512064
1706193630388169984
1705063249302416896
1705550136828559872
1705664147873905920
1705990103499301120
1706185608071689984
1705134111580410880
1705989285961274112
1705048456350388992
1706185217687976960
1705406772422321920
1705722880851279104
1705545082851353088
1705125919017940992
1705132644575334912
1705409974405679104
1705583440568844032
1704952583962149120
1705152497319869952
1705463405791036928
1704892286501072896
1705755955630842112
1702954938148039936
1705667206902369024
1705408742951323904
1705125752228723968
1704979213172870912
1705408469487196928
1705583842067091968
1705072574827877888
1704807274310364928
1705386991639599104
1704810468719704064
1704941782343691008
1705125744929633024
1705927545617392128
1705039906450504960
1705241659712780032
1705560835342472960
1704979993608616960
1705753117350513920
1705029238497200896
1705491385095717888
1706102383924225024
1706010613628876032
1705923895101456896
1705495394616318976
1704952317969704960
1704769816863980032
1705234852529000960
1705633876091108096
1704782647344017920
1704984480539214080
1705323668211450880
1705989260465648896
1704778982004670976
1704889284579614976
1705237521353880064
1705560785139003904
1705579347856302080
1706238289203244032
1701343170472282880
1705320828568314880
1705649466083127040
1704855527981293056
1704779041996472064
1705727530162376960
1705134348580568064
1701071846381829888
1705749546497591040
1705669890394531072
1705386062279571968
1705463028778518016
1705544962555564032
1704959070332947968
1704334934207437056
1704984610038012928
1706185328180936960
1705237302344372992
1705722836257560064
1705989263465221120
1706238437688344064
1704984176935190016
1705039902950023936
1704810473719664128
1705408574882519040
1706074584601323008
1706239264677192960
1705063222305112064
1705732751952817920
1705667345895881984
1705320443086898944
1705241148728118016
1704808211268548096
1705904277015856896
1706011619433143040
1704959066333676032
1704889384572752896
1705989283461592064
1705125685424937984
1706187434873819904
1706082713421355008
1705408478488564992
1704867945057317888
1705152045903005952
1706163638695190016
1705667144899819008
1704779092497120000
1705463044278915072
1705409960408091904
1705153777273985024
1705721307118733056
1704537562723890944
1705152041903222016
1705200327824402944
1705470230247906048
1705072551024589056
1705735249897637888
1705409679909849088
1705906276620339968
1705463396791073024
1705989543952208896
1705236931882359040
1704952311468898048
1705125996222993920
1705560769137588992
1705210766065488896
1705134341081890048
1705407183909083904
1704984154536541952
1705151122433619968
1705730942531002880
1705578645474278912
1705470238249206016
1705560771137801984
1705404893583678976
1705550139828602112
1705491375095704064
1705072585429566976
1706238300703268096
1705237293345103104
1705923500107076096
1705321782375365120
1705407174910803968
1705321245078415104
1705667198901199104
1705416612197125120
1704952447164662016
1705408729449361920
1705752780366479104
1706192479350306048
1705583432570252032
1705145798101222912
1705152231896822016
1706193328889393920
1705900322991134976
1705152516321985024
1706167653303386112
1704783411798650112
1705670712798001920
1705318771641296896
1705665486791568896
1706184142068217088
1705200400818897920
1706156257980756992
1706163930221541888
1705583441068653056
1705125866015567872
1705989791980482048
1704979553637370880
1706167218780484096
1705581835380532992
1704336330843907072
1705416617197252096
1704959067833446912
1705923406213114880
1706082774821180928
1705755265924465920
1705064496654376960
1705321328081904896
1705320818068403968
1705210773065743104
1706079048948830976
1705144412476580096
1705923898601389056
1704979996108926976
1705988491502087936
1705134355079294976
1705560779638935040
1705324177181294080
1704769875663834112
1705728142128900096
1705072654533488128
1705300091160487936
1705409146438052096
1705404891583549952
1704956366416455936
1705583704056634880
1705923502606386944
1705555906281163008
1705386397528634880
1705736006086526976
1706011418927629056
1705906278120226048
1704783482802746112
1705648597105454080
1705289038073656064
1705386395028325120
1705409685909914880
1706168502180860928
1701158985899038976
1706248448022916096
1705463408291086080
1705321789388061952
1705548484731863040
1705584906502502912
1705404797591888896
1706015047258351104
1706074595102880000
1705670849203574016
1704984618037128960
1705669873629970944
1701158993397723904
1705199572359290880
1705927850424576000
1704537771222590976
1706188613352952064
1701158990398118912
1705904280515177984
1705134109080208896
1701159058386785024
1705490842601959936
1704893817092072960
1704855506981466880
1705375620932408064
1706079044948410112
1705126428509856000
1706015528736840960
1705582226591782912
1705751387986447872
1705753130348244992
1705751383486601984
1706188612352956928
1704984130937402880
1706239523103954944
1705906230594991104
1705234198083900928
1704897004040748032
1705061188879880960
1705560768637509888
1705386383526789888
1705927207961684992
1705927217963139072
1706011298420937984
1704810466719674112
1705127009054733056
1705154397830541056
1704537572225412096
1705241181222406912
1705324188679696896
1705152260398373888
1705061467156235008
1706239756792752896
1705410005904389120
1705040009945625088
1705199565360638976
1705923493108218112
1705153554793124096
1705555893279258880
1705634411563120896
1706076142549568000
1705404811089456128
1705154764838969088
1704956455421784064
1705237176858731008
1705324183180378112
1704336344845285120
1705234880528029952
1705495389117263104
1706011816070497024
1705670574284024064
1704783463303729920
1706009609142053120
1705989792480419072
1705321791374465024
1704952452164677120
1705416773704250112
1705145780103721984
1705126996056542976
1705663997873741056
1705241822209256960
1705063335504684032
1705583714058082048
1705990210507610880
1705144402478412032
1705125750728954880
1705144359985958912
1704984121938587904
1705152172401748992
1705583639548775936
1705405898056353024
1705153555293187072
1701158984899240960
1706186197360709888
1704893824592294912
1705384752879226880
1704779094996857088
1704956301917088000
1705234771934543872
1705241178222757888
1705634001576473088
1706075764049533952
1701159152385917952
1705579363858009088
1705324181180695040
1704977134906364928
1706077139451437056
1706011659434605056
1705040845426862080
1705581932085345024
1705755255426349056
1705064354160605952
1705048449349316096
1705406773422344960
1705214142151577088
1705990113498897920
1705409375418816000
1704809701214149888
1705927549618044928
1705154297346595072
1705234876028112896
1705132955577789952
1705375634431328000
1705750595154099968
1706080006075592960
1705126129509197056
1705375625432192000
1705544578884292096
1704952413962995968
1705153817872448000
1705405358082313984
1706013882302078976
1705645776619045888
1704941777343678976
1705755260925316096
1705407715036634112
1704778984504368896
1705236934882297088
1705670075305459968
1704980045115513088
1705040841427411968
1704976157464988928
1705665466794818048
1706186217357116928
1705927545117454080
1705126729536955904
1701159098884692992
1705125823016286976
1705320258090721024
1705729421929572096
1705410004404378880
1705404811589551104
1705321764384408064
1705463188786252032
1705061596893516032
1704807277810225920
1705646270291098112
1705234840529438976
1705546106428613120
1704779175499781888
1706248413521180928
1701158992397817088
1704807268310534912
1705320255590673920
1705234186084320000
1706163703302454016
1705241806708265984
1706076557443673088
1705750587654190080
1705490849101670912
1705584916001250048
1705063221655657984
1704439252473843968
1705375606322426112
1705646265291010048
1705132960577733120
1705134346080918016
1705470247250548992
1705147673485223936
1705670844702878976
1705321785387546880
1705214112155468032
1705040842927198976
1704887453607404032
1706165801336806912
1704335414468791040
1705555894779441920
1705634262554063104
1705320902362089984
1705646106277775104
1704951820063755008
1705410017404893952
1706239276678472960
1705560842842528000
1705544657386513920
1705550131828492032
1706076158946612992
1705320960563887104
1705064385663979008
1704979214172775936
1705063336004697088
1705144401478662912
1705582245593392896
1704855533981219072
1705581832880135936
1705318765140706048
1705633998076611072
1705237523354264064
1705988484003586048
1705751417487951872
1701159282897901056
1705322268351857920
1706166325786147072
1704783472803823104
1706193632887980032
1705374753299514880
1706076166945221120
1706015529737031936
1705544653886551040
1705730985028687104
1704956492927047936
1705470235748928000
1705322601722158080
1705990108999070976
1705463197287521024
1706076574044370944
1705125697626800128
1705214144650958080
1705923915266778880
1705990114998924032
1704779093996951040
1705927250700406016
1705405906056122880
1704977297994247936
1705241592711511040
1705669892427558912
1705928306595463936
1704807270310536960
1705322260351793920
1705063280299890944
1705585296177519104
1705495398615836928
1705238281822057984
1705320902861871104
1705727518662455040
1705633883089772032
1705927253700493056
1705124492152677888
1705990391514608896
1705063229304808960
1705199567860034048
1706188415901946112
1704977023912082944
1705234835029786112
1705289042574383104
1705583489561475072
1705982370029425920
1705125869016013056
1705732735954349056
1704769591689842944
1704855712980114944
1706165798837204992
1705125731032024064
1704984157036456960
1706104713515965952
1706189140349131008
1701342703489303040
1705134114080364032
1705297244190693120
1701343165471419904
1705989255966545920
1706185140097999104
1705492439137635072
1705125929017705984
1705753707578056960
1705989519521827072
1705749572992919040
1705146754435275008
1705298207135986944
1705374750799545088
1706192103900818944
1706165803336499968
1704805285825189120
1705923886602178048
1705893541899890944
1704779169498900992
1704979988107699968
1704336329343716096
1705320555075070976
1705152260898416896
1705406951026086912
1705649328503203072
1704980043115266048
1704984504038234880
1705241794706977024
1705125565520456960
1705318830139972096
1705928681822139904
1706167219780627968
1706074595602928896
1705125739928825088
1705154380833389056
1705648005063442944
1705669835789598976
1704974791020771072
1702954560128116992
1705722879851215872
1705134112580371968
1705493382095019008
1705125564020137984
1704346783596577024
1704855505481267968
1706075350068066048
1706011352921331968
1704808208768510976
1705321801372517120
1705730979029579008
1705237523854311936
1706248449023027968
1705320256090680064
1705495673332518912
1705755956130849024
1705644590266808064
1705667351896568064
1704979991608276992
1706082705421431040
1705463033778703104
1705928316187142912
1705923502106566912
1705579837926362880
1705322268851856896
1706079045448480000
1705126997056293120
1705287714363490048
1705894855798021120
1702954825647772928
1705147675985326080
1705544788969609984
1704897002040832000
1705408575882415104
1705670086803513088
1704855498480471040
1705634405564173056
1705384760878012928
1705633877590889984
1705579829926679040
1705649288505236992
1704808204768338944
1705405351583385088
1705234182584474880
1706163752209715968
1705298352152376064
1705491372095680000
1704979224171444992
1705579344355835904
1705926020260406016
1706010232132198912
1705579820927354880
1706192390264652032
1705153563794430976
1706185209188154880
1705134357078863104
1705322597722383872
1705669539282241024
1701159056387081984
1705132652076709120
1705926021760421120
1704335413468623104
1705125930517732096
1705406384552297984
1705544773472378112
1705404603104865024
1706104292406983936
1705154769338799104
1702642225520064000
1706156255480681984
1705212043665427968
1706082703421388032
1705124496151964928
1705404812089355008
1706080011074882048
1704956491426972928
1705547526287043072
1705409959408201984
1705241138230094080
1705583718058705920
1705145488110243072
1704537771722653952
1706193439885204992
1705145785603411968
1705153355315974912
1705125691926004992
1705320829068314880
1706082648316084992
1705560885340870912
1705729418929615104
1704952530155748096
1705667195400605952
1705288128836750080
1706248762534290944
1705906287118919936
1705145787603083008
1705406382552606976
1705409966906859008
1705991031418928128
1705923906768225024
1704783148808506112
1705560982131115008
1705667386899542016
1705386392527867904
1705321779875471872
1706076581045438976
1705212047165448960
1705404885582885888
1704769882163834880
1705146765936556032
1704855510481565952
1705907295094551040
1705214113655485952
1705151117934455040
1705470247750481920
1705234836529588992
1704810480720118016
1705633884089678080
1705550200823714048
1704977125908089088
1706165731249209088
1704984144536924928
1705669544783132928
1706239757292516096
1705375623432263936
1705408572382867968
1705127001555729920
1702642219520104960
1704781953833876992
1706080008075174912
1705064367161988096
1706189139849053952
1705043523387134976
1706184141068445952
1705556945300637952
1704951839563969024
1705145474110479104
1705583636548481024
1705320815568320000
1705132971576605952
1705643717210838016
1705144394979732992
1704952492157936896
1705241657212748032
1705234607553381120
1704855692477313024
1704887512096993024
1706079047948699904
1706187786842188032
1705152226896974080
1705730955530169088
1705287901838254080
1701159046888687104
1705642535255288064
1705298307650825984
1705152270899849984
1705988353512417024
1705064393164681984
1706102388423736064
1705235510500732928
1705409358421496064
1705153349316930048
1705547519787824128
1704769044385829888
1705926022760339968
1705753124349316096
1705635487376574976
1706167844790633984
1705927255700526080
1704807281310124032
1704778989503371008
1705061468156098048
1706075766049812992
1705239298305582080
1705555896279768064
1705928685321568000
1705373082580464128
1701159061386256896
1705145784103540992
1704769055887042048
1705241428706552064
1705325607152327936
1705669886394697984
1704769879163789056
1705408738450799104
1705040851425776128
1705125561520109056
1706239768290597120
1704805280824549120
1704959061334544896
1705072658033524992
1701158979400107008
1701158960303051008
1705928321186525952
1705669848791268096
1705669204885530112
1705064498154223104
1705387000139639040
1705298246641807104
1705989799481488896
1705560889340142080
1705154439329267968
1705753122349733888
1705548478731022080
1705663877783228928
1705989269964047104
1704952308968604928
1705416615197220096
1705928466906479104
1705579823026941952
1705409317924299008
1705134100079016960
1705547517288187904
1705648613605993984
1705072618532760064
1705323686711746048
1705234776934021120
1705320908461004032
1705582250093117952
1701071845382048000
1704979986107440128
1706239350689308928
1705152261398595072
1706076558943663104
1705460375813868032
1706193326389076992
1701159154886104064
1702954930647016960
1705132628574603008
1705241670712804096
1705321242078508032
1705560770137676032
1704977020912013056
1706238337200830976
1705072549524428032
1705649464083442944
1704779041496557056
1705061474655239936
1705320817568401920
1705373079580608000
1705132961577812992
1705663872283331072
1705210782566074112
1701159159386899968
1705633875091318016
1702954824647724032
1705925589717902080
1705736041482292992
1704956361416514048
1705923400212550912
1705241140729492992
1706238292703188992
1705664094375811072
1704889294577705984
1706106599818957056
1705728145628770048
1705583611049248000
1706165806335874048
1705132970076826112
1705375631431933952
1705241139229916928
1705416615697231872
1705544721879890944
1705405363581444096
1704951833063892992
1705152229396851968
1705404814588932096
1705582250593191936
1706082185925275904
1705063248302628096
1705927555618871040
1705237296345012992
1705386535289969920
1705990108499113984
1706106597318718976
1706077141951767040
1705409547929376000
1704346783096585984
1704855509981563904
1705579351856824064
1705990105499250944
1705134344081248000
1705735273796216064
1705241594211539968
1705728155128284928
1705406386551918080
1706239156187014912
1704956486426267904
1705584915501446912
1705578632472967936
1705406949026219008
1706011298920855040
1705132648076004096
1704805289825587968
1704892276002969088
1705029240497487104
1706238294203215104
1705409967406846976
1705323683366377984
1705900321991108096
1705990811444495104
1704956446420403968
1706193327889272064
1705409973405879040
1705664103875463936
1705321781386913024
1706192109399695872
1705061194378880000
1705722888751000064
1705072620032754944
1702642221520155904
1705989550952411904
1705199524867704064
1705646261291076096
1705583485561693952
1704980038614672896
1705154383333056000
1704951834063825920
1706186264352326912
1705989550452344064
1706080016073921024
1705146763936515072
1705153607294112000
1705495401615411968
1705669875129993984
1705234215081640960
1705237182857675008
1705384758878287104
1705544662386501120
1705125749930298880
1705125751728741120
1704892272503687936
1705153628793390080
1705648600605373952
1704889395572788992
1705144398978972928
1705929661729304064
1705925621122420992
1705150345047077120
1705153307317958912
1705989547452158976
1705988483003676928
1705583853065451008
1706074585101371904
1704984123438254080
1705320249090219008
1705152275400495104
1705549792832337920
1705145626022946048
1704976154965104128
1705544887962754048
1704779055496116992
1705925587717633024
1705237524854509056
1705669542782842112
1705386999139620096
1706185291581108992
1705126117508464128
1706165799837026048
1704956314915343872
1705670373602127872
1705923491108652032
1704694181697128960
1705320402591111936
1705126122508485120
1706078579482213888
1704956378416055040
1702954838146277120
1705241822709251072
1705125803019617024
1705153354316188928
1705039973450604032
1705145789602650112
1701159277398545920
1705126338715316992
1706075357043120896
1706238441688180992
1705386995139663104
1705063248802434048
1705750601154136064
1704769600688189952
1705906232094886912
1705490855601389056
1705927551618360064
1705145636522917888
1706166279294266112
1705728147128783872
1702642226019922944
1706239332186641920
1705581914086840064
1705670568283996928
1705583848065914880
1705241147728212992
1705728141628907008
1709812807554374912
1705581823878764032
1706076159446415872
1706185211188183040
1705072552024737024
1705064500654183936
1705320825568379904
1705544888962555904
1709812809054326016
1705470226747521024
1705634405064453120
1706009610642117888
1705320252090704896
1704977286495420928
1705988359012537088
1704781950333978112
1705635368088846080
1705556747299644928
1705406780422108928
1704855512981539072
1704537766722147072
1706078632488796928
1706076560943738880
1705386049777756928
1705642526755322112
1706165797837300992
1704952493157746944
1704979549137766912
1704943203022100992
1705125794521210112
1705928464406168064
1705153568795156992
1706238438688271104
1704778980504933888
1705753121849747968
1705730949530215936
1705145788602865920
1705751024517628928
1705409153938872064
1705063290300867072
1705989795980864000
1705928679322447104
1705408467987040000
1705648006563164928
1705234608053404928
1705752259641995008
1706011660934465024
1705384386291470080
1705648559780344064
1706011355921411072
1704889059072758016
1705321792874217984
1704769594689329920
1705125922017858048
1705753130848050944
1705241448209417984
1706077143951994880
1705669214883837952
1705556958802445056
1705670076305249024
1704979228170703872
1706011423927588096
1704891556832517120
1705634266554632960
1706187424375735040
1705463095282831872
1706188415401922048
1706239276178406912
1705322597222361088
1705544719380320000
1705667196900918016
1705318770141232128
1705288133336722944
1705404800091494912
1704889350071820032
1704979890008768000
1704977250901798912
1706185327181116928
1705125744230209024
1705043520387279104
1705407200406217984
1704889388072804096
1705642522755239936
1706075762049263104
1706010620128904960
1706193443385805056
1705134109580346112
1704979989608027904
1705145636022916096
1706166355880584960
1705544779971248128
1706186189861517056
1705072635533364992
1705926011760070912
1706239283179409920
1705048448849273088
1705669884928602880
1705214145650845952
1705407211404368896
1705298255643115008
1704891764304326912
1704694174198152960
1705200335823826944
1704782631845103104
1705154297846395904
1704943198522140928
1705633880590401024
1705982378030652928
1705730951030084096
1705321763884361984
1704441877934749952
1705559971373291008
1705649354999727104
1705152510821251072
1705664104875484928
1706248766534267904
1706078576982014976
1706082182925316096
1704805295325755904
1706011361921544960
1705980559634992896
1705406817524581120
1705404611604946944
1705544714381241088
1706193300385139968
1704867515283732992
1705404805090648064
1705063250302308096
1704956302417082112
1704952304967933952
1704783142809573888
1705544769973071872
1705404797092070912
1705126564523717120
1704977013411963904
1705667340895785984
1705753128848358912
1705409977905477888
1706104121400282880
1706013410554876928
1705646094275976960
1705463398790982912
1705663998873551104
1705145629022861056
1705409316924400128
1705727527662136064
1705234615553124096
1705134112080413952
1706165724250447104
1705721891743292928
1705241828209243904
1705583491061402112
1705560985130732032
1705409547429389056
1704810466219668992
1705732746953050112
1705904276515884032
1706192102901012992
1705063229155898112
1704867909562488064
1705072582329054976
1705238281322144000
1704895588554253056
1706192477850652928
1705990117499023872
1704537770222582016
1705061484153793024
1704952408463636992
1705320448586202112
1704889287579077888
1706163638195160064
1705736047482021120
1705387056133112064
1705923401712621056
1705064383163810048
1705237073370215936
1705581931085336064
1705751019518321920
1704897009040695040
1706076557943671040
1705928692320604928
1705152267399463936
1706187434374000128
1701159226397321984
1706186258853239040
1705582248593395968
1705583502560951040
1704984122438371072
1705669869629990912
1706192390764681984
1705153625293849088
1705751397986152960
1705375608322441984
1706076150148294912
1704336329843766016
1704952446664763904
1705546104928719872
1705134353079619072
1705406318461310976
1705127010054629120
1705990816443471104
1706074596102978048
1706184135469374976
1705384387791232000
1706166310288882944
1706167846290658048
1705647976564321024
1705125803519600128
1706193323888622080
1705667391400282112
1705375607822415872
1706156253480637952
1705925654220774912
1705234212082220032
1705559987373783040
1704984491038198016
1705665122031156992
1705669006894520064
1706239344188271104
1705238293322863104
1706078628488815104
1705925647721683968
1705556941800281088
1705750604654198016
1704779089497391104
1705210769065882880
1705559982373756928
1705904273516153088
1704867946557095936
1705560976632065024
1705234183084496896
1704956306416515072
1705125983222275072
1706076151148083968
1706188620352524032
1705548483231579904
1706167848790792960
1705063288300537088
1705042448406938880
1706077137951205120
1706239277178564096
1705145471610994944
1704439258972558080
1705667197400858112
1706238445688062976
1704441941428452096
1706076152147927040
1705154765838878976
1705560772638125056
1704783473303844096
1705406955025342976
1706104357407853056
1706011428927591936
1705463193287059968
1705906236594788096
1706078635488848896
1705982407034807040
1705544894961722880
1706009606141754112
1705072629033430016
1705237304344023040
1705990107999084032
1706239756292764928
1705751425489099008
1705154761839036928
1705373077580677120
1705722846756393984
1705583713558038016
1705546175525122048
1704952567461061888
1705406952025872896
1701159062386053888
1705405888056730112
1705375605822510080
1705673665832457984
1705373081580528896
1704984076546583040
1705321779886663936
1705132636074952960
1705199568859927040
1706079940480660992
1705669215883617024
1705560981131252992
1705144373483517952
1704952568961367040
1705384746380546048
1705125702627130880
1705927220463511040
1705648559280377088
1705550197823738112
1705730979529413888
1705550201323707904
1705134205592311040
1705048446348943104
1705152266399330048
1705409310925592064
1705583187421555968
1705321786887729920
1705583638048588032
1705633806502968064
1704769054886914048
1706104530326299904
1705409999904670976
1705982372529809920
1705634404064632064
1705667342895698944
1705132956577817088
1704943203522117120
1705241138729933056
1704984078546244096
1701071848381507072
1705234201083742976
1704956487926550016
1705982375530160896
1704980035614205952
1706238330200771072
1705234784433296896
1701159109385468928
1705154428828473088
1706015527736591872
1701158962802667008
1705320959063802112
1705147677985300992
1705237064871645952
1704808791759112960
1704979215172864000
1705126133509509120
1705298345152236032
1706166319787251968
1706189338388621056
1705127002055665920
1705287908336958976
1705406325960230912
1705904273016327936
1705544663386530048
1705559984373874944
1705635366089324032
1705373067080997120
1705560834842468096
1705386998639609088
1705214144151145984
1705039871949129984
1704956315915239936
1705560984130971904
1705635505377786880
1705669011395152896
1705669210384612096
1705646061672399872
1705039979449601024
1705320880365837056
1706184883099649024
1704783149308489984
1705321809371724032
1705722849255742976
1705200333823889920
1705583500061157120
1704537578726311936
1704441934429790976
1705928691320692992
1705325602151574016
1705241656212734976
1705578642474281984
1705754120170582016
1706163707303102976
1704977302994083072
1705154384332847104
1704889282079934976
1706190026287689984
1704855700978561024
1705406770422415872
1704984160536286976
1706184896101616896
1705664143374112000
1705649474082768896
1705039978449785088
1706104302907043072
1705717640635823104
1705463134780786944
1704769815864078080
1704891519037510912
1705583318575656960
1704979893008339968
1706082783321124096
1705409367920086016
1704956371916303872
1705670375102458880
1705646102277131008
1706187423875750912
1705150342047500032
1705736004586788096
1705893723545874944
1704336331844036096
1705132634074935040
1705990806445400064
1705670842702615040
1705730984528719104
1705749541998330112
1705648008562839040
1705241595211538944
1705322987679756032
1705649479082927104
1705323667711471104
1705213690663428096
1705061739560487936
1705210786066418944
1706184889600723968
1705667204401917952
1705990205006746112
1705320260090750976
1706187793843002112
1705463402791003904
1705906238094679040
1704855501480805888
1705374745799186944
1706076584045853952
1706184884599990016
1706166352381394944
1705578809976506880
1705649932587528960
1705144375483193088
1705406377553564928
1706190028287620096
1705239301305017088
1705373077080691968
1706185139598012928
1704952454164379904
1705063365005899008
1705544891462243072
1705384748879940096
1705144376982963968
1704951823563816960
1705560989129997056
1705408747452131072
1706189382385830912
1705150346546924032
1706185308080985088
1705646049670569984
1706010613128878080
1705544679884568064
1705736010085967872
1704537565224335872
1705925589217839104
1704891517537780992
1705321780875343872
1704889491915578112
1705234853529008896
1705491369595656960
1706009614641999104
1705042446906763008
1705125933017634048
1704805294325835008
1705929656729400064
1704694182196962048
1705237582860250880
1705583324576509952
1706082708421383936
1705321252078105088
1705323613217033984
1704956297417240064
1706168509679588096
1706239767290740992
1705546094430576128
1705234841029424896
1705669544282908928
1705673662832059904
1705670573283891968
1706248438521530112
1705039966451948032
1705544656886507008
1706248705534462976
1706167858290735104
1705072626533431040
1705319912096014080
1705322978680019968
1705063251802061056
1705320249590417920
1706010232632006912
1705320214085310976
1705210776565586944
1705989796980971008
1705404613104962048
1704889066072854016
1704889386072771072
1705556957302371072
1705906229095016960
1705152271900070912
1705635498377816064
1706079054949527040
1705384749879729920
1705321333082030080
1705409682409873920
1705039962952347904
1705495666332555008
1704889391072811008
1705405183089330944
1705154436328924928
1705214109655503104
1705386045777103872
1706076571544052992
1705545094352001024
1705318824140962048
1705210780065754112
1705926371730469888
1705990210007406080
1705728144628864000
1705145790102632960
1702542674889467904
1706239157187045888
1705751388986439936
1705560888840304896
1705560987630223104
1706192487850157056
1705907279595911936
1705545081351088896
1706166316787758080
1705373076080745984
1705583615549270016
1705923495607695104
1705409164440116992
1706010611129038080
1705646095776188928
1705298250142273024
1705751429489707008
1704346787595798016
1702954935647664128
1705063236155802880
1705238296322686976
1705495391116924928
1706082786821411072
1705925313709210880
1705241672712812032
1705125567520712960
1705646263290998016
1705405899556233984
1705989932972258048
1705546169024392960
1704891553332935936
1705322988179618048
1705151114934995968
1705493384094701056
1706166317787552000
1704952422962928896
1706011657434925056
1705153628293425920
1705323679865940992
1704783470303800064
1705667152898927104
1704887510597221120
1704889345571866112
1705072657033518080
1705409965407269120
1705132650076327936
1704984473040101888
1705237177858644992
1705039996446484992
1705491381095763968
1705152272900222976
1704889395072785920
1705132962577872896
1705324182180585984
1705736057983269888
1704956377416135936
1706187668355303936
1705321807871684096
1706239272678181120
1704951832063872000
1706189374885775872
1705730948530260992
1705237177358825984
1705298606160711936
1705893533401331968
1705751396986145024
1706239270677914112
1704891770303374080
1705751390986383872
1705154444329783040
1705730950530070016
1705735265296935936
1704855513481576960
1705982399033597952
1705241658712769024
1705416595195588096
1706075254561157120
1705925609120656896
1705387051633848064
1706075355567928064
1706075251061879040
1705980570636033024
1705649463583456000
1705241145228835072
1704441939928684032
1705407203405677056
1705667334895934976
1705237928354077952
1705213691663408128
1705241429206765056
1704977288994797056
1705649347500787968
1705649936587609088
1705989801981434880
1705039857947034112
1705154438329147904
1706239154686977024
1705125742429350912
1704977138405832960
1705578635473367040
1705664093875800064
1705384399289178880
1705154394831051008
1705153615793859072
1706011357421451008
1704893822592274944
1706187666855590912
1704807279810118912
1705583613549328896
1705241666712862976
1705721306118586112
1705126134509634048
1705923889601679872
1706163694301131008
1706082176925171968
1706011616933137920
1705989265964736000
1704943201022064896
1705134194090554880
1705989929472186112
1705645773619078912
1705579386359600128
1705406838525883904
1705929657229430016
1706166500295143936
1705199563860738048
1704887563595514112
1705409632404442880
1706239784188527104
1704855531481284096
1705385235254319104
1705753127848579072
1705722888250971904
1705154283348734976
1706011416927548928
1705732742453273088
1706184143068088064
1705214138152221952
1705320451085794048
1705988488502589952
1705665127530221056
1705321789374791936
1705646107777969920
1705663842781316096
1705234780433725952
1705667151899142912
1705154292347453952
1705409357921424896
1705923896601590016
1705556746299790080
1705320965064240896
1704769883163851008
1706015493232504064
1705497006625143040
1705663907779501056
1705544584884296960
1705322976680119040
1705153820372386048
1705736013585518080
1704979526941788928
1706238301203297024
1706248706534706944
1705893721546042112
1705125749729061120
1705325213164253952
1705063231655721984
1705925622622599936
1705039865948240896
1704867501783656960
1705544720880088064
1705146758935784960
1706082781321193984
1705987994061022976
1704895588054273024
1705386395528370944
1705649364998317056
1705125735928338944
1705925323708933120
1704952576462098944
1705925582717411072
1704779173499503104
1705386997139584000
1705152592325800960
1705125990222918912
1705375614322245888
1705145797601240064
1705241149727953920
1705404549500978944
1706186265352101120
1706082707421364992
1705470227247453952
1705063227304926976
1706082787821548032
1705406406548792064
1706238286203143936
1705320443586865920
1705144367984699904
1705583851565456896
1705234615053146880
1705673668332918016
1706239525103986944
1705289047575046912
1705125720532564992
1705320970064973056
1706239337187365120
1705061475155204096
1705132647075769088
1705234209082849024
1704891518037766912
1705072616032591104
1705730961030185984
1705289048575165952
1704855690477054976
1706015056756622080
1706076144049357056
1706187799843771904
1705321776875548928
1705646100776953088
1705408566883788032
1704980037114391040
1705234852029088000
1705063358505955072
1705318829640174080
1705749540998541056
1705320452085724928
1705904270016681984
1705579397359848960
1705199564860651008
1705150343547352064
1705583335077328896
1704977246901967104
1706075357543040000
1705212039165383936
1706189334889063936
1705241594711545088
1709812840554077952
1705234188084249088
1705072663533483008
1705200284825911040
1705061488153061888
1705318822141395968
1705923899601288960
1705212047665456896
1705153621293775104
1705645780118952960
1705409641905646080
1705241427206387968
1705670567783969024
1705495432613147904
1706102387423678976
1705039937453658880
1705132970576632064
1705072654033485056
1705751385486516992
1705721312619491072
1705132963577724928
1704334937207448064
1705751423989035008
1706076573044238080
1701158963302637056
1702954927146514944
1704891529036537088
1705375602822584064
1704810468219697920
1705408469987283968
1706079057949824000
1705405183589263104
1706082777821134080
1705072571827479040
1705721885142688000
1705463102282895872
1705990112991203072
1705729418429602048
1705298153132444928
1705039865448304896
1705583715058228992
1705924623961816064
1704782629845158912
1705927841826078976
1706239340187639040
1705375618932488960
1705665480292894976
1705210767065617920
1705319909096410880
1705241675712845056
1705039905450369024
1706193444385913088
1705670570783794944
1705404547001163008
1705386398028724992
1706079948479689984
1704952491158117120
1701072023992587008
1704979989107845120
1705048447849135104
1705583733060944896
1705405242095823872
1704810483220613120
1705134115580605952
1704893818092081920
1705736001086937088
1706165735748460032
1705124497151780096
1706168509179629056
1705581918086768896
1705927553118685952
1705237522854222080
1706104126400124928
1704974795021268992
1705585303677752064
1705407675037911040
1706166321786848000
1706239761291860992
1705583848565713920
1705145635022907904
1705407184908968960
1706082177925306880
1705635492377112064
1705635368588944896
1705755949631173888
1706192480850231040
1705134203091869952
1705404809089901056
1705404597604800000
1705927252200467968
1704897012040513024
1705667439977458944
1705125569020902912
1705321778375470080
1706187800343819008
1705072656033517056
1705039940453711872
1705665472794132992
1706167849290801920
1705583736061473024
1705583729560387072
1704984493538224128
1705990110499010048
1705584902003443968
1705239326301423104
1705132639074955008
1704439253473735936
1705125865015448064
1704984149036886016
1705549794831887872
1702954833647066112
1701159099884861952
1705416769704738048
1705234616553024000
1705751393486296064
1705063284800107008
1706163706803055104
1704956483925963008
1704779050996130048
1705548488732381952
1706249012507158016
1706104122400314112
1704782638344003072
1705647979064321024
1705063224304983040
1706239514603886080
1705893730545638912
1705583613049305088
1704867936558702080
1705490857101417984
1705989799981387008
1705493384594534912
1704976150965346048
1706076171944321024
1704779045496365056
1705750114711662080
1706190021287923968
1705990388015323904
1705407684036843008
1705548481731401984
1704855546981040128
1705072544023337984
1701158986398850048
1706249021005960960
1705990203006443008
1705325606652284928
1704855534981231104
1705893728545626112
1705322275851686912
1704441872434917120
1704769872663783936
1705408730949552896
1705125869516122880
1705416611696952064
1705923897601421056
1705320404090853888
1705544588384241920
1706011817070520064
1705545084351432960
1705374751299552000
1705649291504838912
1706239138084760064
1705544865565485056
1704867939058382080
1705039992447211008
1705144412976560896
1705635367589049088
1705407201905978880
1705927242199484928
1705928840326309888
1706189140848957952
1705040847426403072
1705751381986670080
1705649934087535104
1705126130509265920
1704867451081211904
1705063223805007104
1706187794343069952
1705132972076572928
1706187679753231104
1705560895839379968
1705322601222246912
1704956416918328064
1705495671832538112
1702548481296036096
1705579820327323904
1706011302920727040
1705145480110264064
1701159098384647936
1705633810502747904
1705043483888691968
1702642226520007936
1705200376321264128
1705063284299976960
1705730983528828928
1705906283119503872
1705321808871705088
1704977019412006912
1705200286325992960
1706011296920897024
1705633887089097984
1705544592883851008
1705752255642697984
1705374753799532032
1705463410791096064
1705404799091710976
1704855512481520896
1705407208904688896
1705214117155312896
1705732748952982016
1705409643905903104
1705061271447685120
1706163743208416000
1705925316709191936
1705125721532585984
1706076583045715968
1705321791388274944
1706189336888745984
1706165735248471040
1705927252700474880
1704984071047575040
1701159279898208000
1704893821092148992
1706189146848176896
1705927257700441088
1704956415418011904
1705721879641797888
1705321335582249984
1706075252561462016
1705927245199971072
1705556944800483072
1705241817209178112
1705063334004652032
1705550132828506112
1706239334186875904
1705560842342522880
1705039995946680064
1705750116211536896
1705646264291009024
1701159043889211904
1705406404549132032
1705583716558592000
1705385236254340096
1705584909501975040
1705544929960059904
1705634268054978048
1705491379095718912
1705409158939493120
1706011358421443072
1705048453349903872
1705386044277038080
1705320821068456960
1705318829140187904
1706075755548272128
1704984169436005888
1704779039496610048
1705152230396916992
1705463189786488064
1706192109899685120
1705581840381229056
1706079939480792064
1705989542952314112
1704855508481522944
1705583329077075968
1705126002222935040
1705153817372464128
1704974793021018880
1705125559520076032
1705990097500272128
1705545079350936064
1705581927085945088
1704956379916096000
1706075360542999040
1705125793021438976
1705989995977092096
1705583840067386112
1705581834880466944
1705072571327435008
1705893727545721088
1705635493377277952
1705386053278362112
1706185613071767040
1705583850065588992
1705583709557574912
1706075361542912000
1705407204405456896
1704867505284228096
1705663991375000064
1705989810481531904
1705321786387685120
1706192108399894016
1705405189590150912
1705126433009638912
1705989804981515008
1704984161036310016
1705544968554464000
1705323677865574912
1705132648575936000
1706013878302189056
1706011658434693888
1705751026517209088
1706011426927650048
1705582221591724032
1705893527901871104
1706185210188164096
1705322261851820032
1706239753193257984
1706010617628839936
1705320409590088960
1701158978400199936
1705405189090107904
1705298350652358912
1705544777471666944
1705633808002894080
1705463187786127104
1705751397486128128
1704769872163778048
1704956486926488064
1705153353816225024
1705463416791667968
1704336346345342976
1705644581168410880
1704893826092391936
1705560898838963968
1701159057886803968
1705749554496137984
1705893539400340992
1705064380663443968
1704977075913797888
1706188418901871104
1705154289847902976
1705560779138927104
1706239754693178880
1705152045403002880
1705072576328186880
1704783481802816000
1704769052386685952
1705579835426455040
1706076579545256960
1705323652712165120
1705670074305665024
1705241441208483072
1705579833426494976
1705234610053304064
1705063282800013056
1704976148965647872
1704334942707187968
1705669538782195968
1705667157898336000
1706011890063064064
1704439259472651008
1705237187356905984
1705241600211596032
1705642523255245056
1706015041759195904
1704808211768552960
1705043527486432000
1704769877163856896
1705409539930803968
1706076160446394880
1704956489926904064
1705546098929850112
1701342700989716992
1705669847290980096
1704783465803752960
1706239142585512960
1705721880142000896
1705323681366003968
1705646097276367872
1706163925722211072
1704889073072420096
1706192106400283904
1705147697086532096
1704805293825808896
1705124488153264128
1706185293581310976
1705152167902300928
1706010618628864000
1705289039073787904
1705721888143183872
1705061187879962880
1705926014760460032
1704977080413094912
1705583637548534016
1706013882801926912
1705642529255268096
1705126125008685056
1706188426401357056
1705645779618946048
1705145639522950912
1705410008904259072
1704868885104220928
1705578814475847936
1705323659211833088
1705669895926979072
1705463400291052032
1705648599605359104
1706080007075363072
1705493390593848064
1705649366498103040
1705546108928014080
1705980566635604992
1705404809589884928
1705132636574957056
1706075351543878912
1704782647844027904
1704805296825740032
1705146766436536064
1705320441586852096
1705544893461831936
1705923910767467008
1705663871283428096
1706104524826331904
1705583636048528896
1706192482350117888
1705649938087698944
1705927845325570048
1705318770641187072
1706192481350234880
1705298139634810112
1706248712535649024
1705040861423837952
1705321818870553088
1704889279080349952
1705061487153273088
1704769880663811072
1705132965577358080
1705408482489204992
1705125733427878912
1706248450523166976
1705384392290500096
1706238141205524992
1706011820570551040
1706104123900233984
1704441879434740992
1705750120210937088
1704952448664697088
1705560767637273088
1705579835926444032
1705583836567872000
1705039932953575936
1705648001563856896
1706188620852580096
1705581831379960064
1705404611104948992
1704984496038149120
1705923912767174912
1705583437569433088
1705982368529229056
1705495393616536064
1705463195287310080
1705907287595517952
1705404896084068096
1704867504784038912
1704977130407142912
1706168497181684992
1705152506320577024
1705990209507468032
1706166493794028032
1704891556332492032
1706248763034298112
1705210765065359104
1705728155628273920
1706078578982253056
1706076173444107008
1705405241095799040
1706104130399959040
1705153812872623104
1705463180785139968
1704956449420809984
1704855506481409024
1706192428759372032
1705749552496559104
1705288122836731904
1704889492415533056
1705153315318881024
1704779090997355008
1705048454350040064
1705751018518309120
1706189138349187072
1705404883082573056
1705322986179717120
1705556946300726016
1705320958063667968
1705210764065229056
1705670372101945088
1705237069870951936
1705927248700463104
1706010234131921920
1706082183425329920
1705241818709187072
1704895596053250048
1705145779603736064
1705154386332541952
1701343164471302912
1705375595935160064
1705407168910669056
1705072577828357888
1706078571481465088
1705404602104855040
1705407677537574912
1706010225633370880
1705126732036939008
1706239266677509888
1705039900949989888
1705928315595844096
1704889394072770048
1706166501795225088
1704855723480258048
1705144399978782976
1701159070385091072
1705061193379094016
1706238438188350976
1704895595553171968
1704984175935292928
1705210781065881088
1705556946800659968
1705234188584239104
1705321324581927936
1705463196287284992
1705199528866982912
1705583703056527104
1705154392331451904
1705125683924784128
1705735274796251904
1706187665855717888
1705319902597293056
1706187427875023872
1705490848101656064
1705560891839912960
1704769594189342976
1705669887428267008
1706104129900001024
1705556734302007040
1702954928646789888
1705669866629938944
1705463153781341952
1705125748229465088
1705132646075646976
1705409686409921024
1706248451023355904
1704808210268531968
1705928833825458944
1705670384103621120
1705670575284046080
1705320867367155968
1705153806372892928
1704979890508844032
1705923887601911040
1705320903361858048
1706010619628896000
1705408468987153920
1705409147438180096
1706075352543777024
1705642521255257088
1705665483292273920
1705728136629123072
1706015504733335040
1705669884894764032
1705649355499694080
1705410010404208896
1705039936953645056
1705722884251090944
1705635359590398976
1704867401285957888
1705646099276741888
1705374745298993920
1705145631022906112
1705144407977570048
1701159099384752896
1704805283324869120
1705125731927790080
1705583495061324032
1705736045482170112
1705234605053478912
1705387050634057984
1705072634033445888
1705730946030598912
1704892283501712896
1704897005540679936
1704956368416376064
1706165721751058944
1704984480039247104
1705134191590275072
1704336328843614976
1705145781603640064
1705416614197202944
1706082712421472000
1705061472155572992
1705039994446790912
1702642222520208896
1704808796259571968
1706075351068079104
1706075768049854976
1705154440829351936
1705072662033467904
1705669866129933056
1704897012540536064
1705927558619426048
1705152497819922944
1705990110999025920
1705470239749347072
1705125720032561920
1704892285001504000
1704805281324720128
1705633873091619072
1705926018260472064
1705927849924584960
1706166292291938048
1705646052671040000
1706239334686923008
1705234851029076992
1705673670333208064
1705410006404413952
1705320251590699008
1705560772137940992
1704974795521359872
1705063279299849984
1705408740451026944
1705982375030113024
1704867502283845888
1706185212188086016
1705210784566330112
1705125728927300096
1705063341004724992
1705147679985437952
1705635360590192128
1705407679537284096
1705906239094598912
1705241661712811008
1705991032418721024
1705893737546411008
1705236935382320128
1705234846529273088
1705153471295347968
1704782639843958016
1705298342152283904
1705153783773632000
1706186218357175040
1705989520021818880
1704808212268564992
1705928471907243008
1705125873016343040
1705152055402994944
1704979999609512960
1705663994874183936
1705320906361349888
1705126337215003904
1706239766790925056
1705670711297904896
1705373078080705024
1705490848601679872
1705237068371089920
1706239263176986112
1705374746799318016
1705385238754390016
1705982374530174976
1704807285309974016
1701159038390082048
1705386057778950912
1705991035918209024
1706075258060698880
1705039962452523008
1706078582982696960
1705234851529101056
1705241668712779008
1706082713921363968
1705406835025325056
1704537566724496896
1705925648721448960
1705406778422231040
1704984609537981952
1705061473655440896
1705134107080102912
1704979551637447936
1705384746880347904
1704952490158220032
1705237303344126976
1705463104282830080
1705649936087599104
1702548478795608064
1705581824878885888
1701071840382913024
1705375590436090112
1705893733045745920
1704781947834044928
1704952422462916096
1705125983722318080
1702954832647161088
1705735255397639936
1705491389595313920
1705375630432018944
1705556950301324032
1705722892850862080
1706076191940764928
1705321789888118016
1705134198091149056
1705560897339101952
1705647926561189888
1706239274178267904
1702954560628055040
1705320900362407936
1705408737950604032
1705583610549078016
1704895597053088000
1705579816028110080
1704892277002758912
1706106596318585088
1706239265177261056
1704889290078452992
1705154393331237888
1705752777366928896
1705409320923759104
1705582236093040128
1705064361661544960
1706104119400623104
1705385241754364928
1704984611038031872
1706239768790585088
1704769819363371008
1705234200583840000
1706239520603906048
1705663875283303936
1705670574783980032
1705722889750897920
1705646104277401088
1705200371822011904
1705583489061488128
1705550198823788032
1704537579226354944
1705384385791553024
1704959061834341888
1706011297920946944
1706015039759648000
1706185302581097984
1706238293703209984
1705669545283177984
1709812844553970944
1705928302189673984
1706239765791104000
1705635495877605888
1705736004086819072
1705750118211234048
1706104121900307968
1705234178584969984
1709812845053937920
1706104351406855936
1705982405534758912
1706185204188430080
1705063235655788032
1704769599688398080
1705124494652077056
1704977302494057984
1705126343716050944
1705583324076431872
1706186259353040896
1705405355082857984
1705298141134501120
1705923492108421120
1705754839255476992
1705404816088600064
1706076172444311040
1705407208404705024
1705408462986539008
1701159069885095936
1705670848703526912
1706082187925209088
1705409360920989952
1705581834380423936
1705544661386597888
1702542673389104896
1705200283825775104
1704769599188410880
1704855501980954880
1705648562779939072
1706184136969160960
1705241446209195008
1705990212507894016
1705583492561399040
1705407179409872896
1701159046388903936
1705153555793240064
1705322988679640064
1705043520887302912
1704807278810222080
1705321244578436096
1704959068333251072
1704867462081485056
1705463150280947968
1706188622352656896
1705463142780364032
1705144414476285952
1706078634488835072
1705649292504655872
1705751025517423104
1706166277794679040
1706167842790725120
1705585299677795072
1706104722014516992
1705560977631848960
1705384754379009024
1705928839826263040
1705923913267163904
1706167215280034048
1705989549952264960
1706075758548800000
1706080003076126976
1704334942207193088
1706011663434131968
1705670568783869952
1705320811068310016
1706185137598435072
1705407713536876032
1705546109427996928
1705755256925934080
1706076165945302016
1705125753228508928
1704887452107644928
1705546170524573952
1705989548952096000
1705407200906202880
1706167853790742016
1705154384832830976
1705132966577264128
1706238333200708096
1702954917145577984
1705648596105440000
1705752514630512128
1705320447086339072
1705670084303813120
1705416598195532032
1705405357082530048
1705406815024318976
1706167846790674944
1704781940834329088
1705579352857101056
1705929670728960000
1705670854304261888
1705144371984037888
1706079060450152960
1706082175925036032
1704778990003355904
1705990809444788992
1704952313969363968
1704694188196060928
1705063337004697088
1705927555118932992
1706185294081392128
1705132954077765888
1705929658229370880
1705924626961318912
1704867497283090944
1705990106491145984
1705152165402737920
1704952449664723968
1705409319923867904
1709812814054490112
1705649481083119104
1704867507784276992
1706104719015119872
1704977240902173952
1705061464656549888
1705989999977497088
1705416601695982080
1701159108885656064
1704537579726435072
1704867947056900096
1705384395789806080
1706075355067900928
1705732743453234944
1706193446386267904
1705583446567763968
1705063283300003072
1705548483731740928
1705409681409862912
1706184130470283008
1705925596718842880
1706186458376116992
1705721889143325952
1705200283325680128
1705927559619544064
1705320812068272896
1705410001904427008
1705989266464724992
1706239284179522048
1705405365581010944
1701159281398056960
1705545084851501056
1705404883582745088
1705234877028122880
1706186451476502016
1705722837257504000
1705040004445886976
1704808206268552960
1706156256480736000
1705927213462458112
1705665471794338048
1705924619462397952
1705154434828751872
1706238135206512128
1705928308595462912
1705153784273656064
1704855709979905024
1706248758034234112
1705321328581819904
1705154284848316928
1705384391790512128
1705579356857634048
1706189333389342976
1705546112427488000
1705404558000712960
1705560853342522880
1705063362506003968
1705667194400475904
1706189380385809920
1705153806872916992
1705404617604940032
1705406413548398080
1705670077305152000
1705560985630531072
1706185299081300992
1705646060172016128
1705923498107344896
1705125726032516096
1706078584482779904
1705669890894534912
1704867937058690048
1706074593102695936
1706239533104039936
1705925595218662912
1706238141705513984
1705560770637758976
1705154296846610944
1705925309709380096
1706104525326338048
1705546113427284992
1705730965030179072
1705039931453662976
1705298299149586944
1705404549001064960
1705134098578812928
1705928472407334912
1705663998373730048
1705153627793492992
1701071843882330112
1706075352568026880
1705927550618206976
1706009603641394944
1704855530481265920
1705753703578450944
1705755949131205888
1704891527536474112
1705072534522411008
1706104535326400000
1705405370080183040
1705545089852078080
1705751423488840960
1705649366998089984
1704887564095502080
1705990815943482112
1706165807835662080
1705894856297826048
1705125923017869056
1705152044403020032
1706166292791926016
1705241173723709952
1706015058756311040
1705989284461489920
1706082645316129024
1705583322076077056
1706192105900485120
1705126431009733888
1705925317209221120
1705582228091823104
1706075360042967040
1706187428375119104
1705405240595778048
1705664096875771904
1705321761884080896
1706185309081096960
1704439254473518080
1706187683252731904
1705064351660464128
1704887570594446080
1704867463581697024
1705578808476635904
1704943199022144000
1704808209268519936
1705374756799482880
1705127007554877952
1705463137280403968
1705064382163688960
1704855716980239872
1706011430427628032
1705126430009832960
1704979897007973888
1705320875866765056
1706185213188109056
1705298602161445120
1705730987528331008
1705144415976037120
1705406814524258048
1705925586217455104
1705200334823917056
1701342694990468096
1706078572481606912
1705385240754337024
1704779044496378880
1705550133828517888
1704895590054038016
1705755256426132992
1705385245254443008
1705495358617775104
1705727524162253056
1705900322491139072
1706104299906989056
1705493380095341056
1705375609822355968
1705322983179809024
1705132634574938880
1705153774274565120
1705386382526769920
1705374760299536896
1705238294322748928
1705237071370554112
1705048450849626880
1705323685711833088
1705751381486652928
1705375602933836032
1705241445209061888
1705751394486194944
1705670386604080128
1705463035278696960
1705407185408955904
1705321811871655936
1705583620549027072
1705409545929724928
1706188623852675072
1705125560520092928
1705989935472593920
1704782641843969024
1705125703127097088
1705555908781626112
1706082778821155072
1705648005563273984
1705463411791121920
1705460367314180096
1705634403564540928
1705644588267124992
1705928305189158912
1705749550996783104
1705375615822135040
1704977017411972096
1705072632533402880
1705384396289795072
1705544790469390080
1705730963530227968
1705072615032589056
1704977250401814016
1705926376730604032
1701342693990657024
1705581915086852096
1705213702662970112
1704977029912699904
1705236932882383872
1705409362420961024
1705064394164816896
1704781957833722112
1705906280119930880
1705325599151088128
1705648601605392896
1705648608105423104
1705900309491539968
1705126123008436992
1705633879590604032
1705061485153693952
1704956365416457984
1701158951804216064
1705147697586565120
1701072029992698880
1704441878434734080
1704979552137441024
1705320453585431040
1705721854938135040
1705323652212327936
1705751426489338112
1704334930207526912
1706239519603902976
1705320217085531904
1705925319709027072
1705241592211506944
1704783479303124992
1705322270351870976
1706238443188130048
1705581923586516992
1705927214962737920
1705633888088867072
1705320258590729984
1704889069072884992
1705406328460104960
1705125834016001024
1705669887394715904
1705927215962891008
1705145487110238976
1705645770118980096
1701342690990928896
1705409538931044096
1705578632972903936
1705320222086310912
1705663920277635072
1701343166971580928
1706082179425391104
1705727523162341120
1704769881663826944
1702642224020064000
1705749544997826048
1705643721210127104
1705493385094611968
1705470248750608896
1705321239078579968
1705560845842539008
1706239279178873088
1706076558443680000
1705989924972347904
1705064364661798912
1705583323076197120
1705040002445955072
1705581837380764928
1705408568883471104
1705416596195603968
1705673668832964096
1705980569135926016
1705460378814088960
1705644585767544064
1705544708881945088
1705990003477899008
1706163748709412096
1705929656229405952
1706011883563926016
1705988479004489984
1705722851255460096
1705583709057402112
1705926018760471040
1705409374919016960
1705647932061828096
1705907287095554048
1705667434476852992
1705664064872626944
1704779169998833920
1705560978631751936
1704783404797555968
1705927554618743040
1706165726750053888
1706186197860472064
1705556732302308096
1705721886142931968
1706186223356942080
1706184134969457920
1705134097078646016
1705732736954124032
1706010612128915968
1704335421469328896
1704783136310661120
1704867516383560960
1705236926882577920
1705062750304716032
1706189374385763072
1705212048665357056
1705406332959311872
1705241799207357952
1705321756883538944
1706011303920727040
1705491378095710976
1705463094282808064
1705989927472150016
1705669884428677120
1705583735061307904
1705298215637212928
1705072543023225088
1704867945557125120
1706189376385763072
1705210775565688064
1706082171924936960
1705061267447737088
1704346782096791040
1705409371419535104
1704951830063826944
1706192385764934912
1704441933929808896
1704976812922885888
1705581915586840064
1704977300494184960
1705463147280432896
1705238288322479104
1705237068871181056
1705722891750848000
1705064353660542976
1709812813554502912
1705546172024785920
1706166322786640896
1704977238902170112
1704980031114053888
1701343167471793920
1705042442406056960
1705634002576491008
1705555907781382912
1704808213268636928
1705407177410301952
1704782649344027904
1701159044389192960
1705669840790148096
1706104715015663104
1705322977680013056
1705061605393076992
1705154298346380032
1704889384072739072
1706184133469675008
1705721310119129088
1705904275515952896
1705670382603454976
1704537567724622080
1705928313687738112
1706193442385677056
1705146767436526080
1705673660831685888
1705463092282779904
1705730943030971904
1704769592189646080
1705318771141341952
1705753116850548992
1705387007639657984
1705042447406807040
1705126118508354048
1704346789095847936
1704891772303025920
1705544719880307968
1704335223477024000
1705894855298032128
1706082186425291008
1705544706382302976
1705545091852036096
1706186447476544000
1705321324081989888
1705234772434343936
1706165804836303104
1705990204506695936
1705463050779003904
1704439260972220928
1706104301907042048
1705126427509937920
1705199511368299008
1705649318003261952
1705463042278908928
1704956445420176896
1705749574992493056
1706076585646191104
1706079942480676096
1706238325700657920
1701342701489550080
1704956296917228032
1706104124900226048
1705644583667916032
1705750108212477952
1705732732955030016
1704779178000028928
1705234857028841984
1704897007540679936
1705318831639747072
1704956380916018944
1705582230592093952
1705061465656347904
1705323655211963904
1705146771936604928
1705923404713019904
1705460369314086912
1705152259398253056
1705581930085430016
1706239155686995968
1705321235578736128
1705237925354502912
1705990113998927872
1706012084861207040
1705407708036951040
1705125692426050048
1705321238078822912
1704984612537925888
1705298301649914112
1705751395486209024
1704952576962126080
1705925663219067904
1705583839067578112
1705153314818877952
1705322272851884032
1705153466296316928
1706076186941708032
1705583643049265920
1705560778638923008
1706167657803449088
1706076511441705984
1705463089282955008
1705385248254053120
1706248707534841088
1701342699489847040
1705664053871479040
1704956299917148928
1706102386423924992
1704959063334227968
1705298309151062016
1705320247089948928
1705048460850942976
1705125833015994880
1705644590766604032
1705735245897601024
1705154286348148992
1705385242754368000
1705384747880145920
1704956361916526080
1706192384764884992
1705040859424293888
1705072660533556992
1705374762299577088
1705235500501274880
1706082647316061952
1706186257353454080
1705667146899825920
1705323614716966912
1704974789520678912
1705925651721041920
1705544680384393984
1705153352816329984
1705491390595236096
1705322975180093952
1704867943557433088
1705927539116487936
1705062744304622080
1706193233882149120
1701159282397829888
1706239350189223936
1705154767838874112
1706078589483547904
1705214119655193088
1705648561280090880
1701159235898752000
1706238296203296000
1705649356999408896
1705583435569733120
1705298301149867008
1706248418521243904
1704867396285993984
1704943196022082048
1705146753935083008
1706076563943704064
1705730942031174912
1704956451421154048
1706082176425103872
1705581831880002048
1705556948301061120
1706011821070483968
1705072630533426944
1705647974064308992
1706187667355397120
1705385234754308096
1704779178500221952
1704956367916356096
1705578813975859968
1704769590690046976
1705237289345277952
1705463193786992896
1705463189286445056
1706192101901196032
1706186261852784896
1705125931517741056
1704807280810132992
1705416614697219072
1706104291406963968
1705406789921677056
1706076564443713024
1706075768549870080
1705585299177782016
1705736044482217984
1705667147899709952
1705927848924796928
1704336337344948992
1705407202405765120
1705893730045565952
1705893718546574080
1705544889462657024
1704889378572813056
1706187435373914880
1705989800481403904
1706011649434844928
1706239531604020992
1705924621462118912
1705409684909903104
1705544787470009088
1705669867129949952
1705667148399681024
1705234843529358080
1705906277620258048
1705547520287791104
1706166502295408896
1705387008139664896
1706076140549858048
1705633995576658944
1705241607711555072
1706076162446104064
1705323663711665920
1705730947530464000
1704980043615429888
1705560849342515968
1704979896507898112
1704867400785953024
1705755267923922944
1706082706921463040
1705579826226797056
1704769882663844096
1704335220477059072
1705154398330334976
1705927838826586880
1705463138780413952
1705039972450822912
1705040861923642112
1705647977564278016
1706011652434896896
1705239329300796928
1706167847790708992
1705669885428569088
1706079054449459968
1705665130529618944
1705298354652286976
1706012082361174016
1705670711797844992
1705152181400455936
1705647976064329984
1705649329003209984
1705583643549218048
1706249022505914880
1705241606211536896
1705928309688450048
1704867938558398976
1705728149628641024
1705210779565798912
1706015526736465920
1706106601319047936
1706075349544278016
1709812810054374912
1704334932707489024
1705406834525383936
1705730955030160896
1705495359617775104
1705298340152241920
1705234606053501952
1705988485003426048
1705923406713216000
1704979517443258112
1706184881099406080
1701159231398056960
1705544775471968000
1705320246589903872
1705670072305959936
1705325596650836992
1704893824092295936
1705072538522724096
1705321783375265024
1705408573382650880
1704346786596078080
1706192387264817920
1705907291094967040
1705669880394937088
1705927544117202944
1705200289826457088
1705318823641165056
1705550132328499968
1706248762034275072
1705463045778944000
1706082781821204992
1705234877528109056
1706193441885459968
1705752514130500096
1705583733560988928
1705633888588968960
1705667443477537024
1705544930959968000
1705409322523571968
1705061270947624960
1704977020412033024
1705239328301010944
1706075759048891904
1705721309119006976
1706188414402025984
1705320248590284032
1705241674712834048
1706189331389655040
1705581827379325952
1705923890101637888
1705643726709221888
1704867465581931008
1705752515130520064
1706187785342095872
1704889381572698112
1705241596711550976
1705583499061160960
1705585304677788928
1704941775843649024
1705048462351305984
1705646062172446976
1702542671388841984
1705147703586272000
1705373070080948992
1705134202091746048
1705407175410611968
1705491372595692032
1705556744800124928
1705560787139051008
1706011302420809984
1705406319961185024
1706189331889481984
1705900304991668992
1705663843781446912
1705375623932256000
1701343170972211968
1706249009007681024
1705907285595812096
1705241189220914944
1705072619032779008
1705145786603191040
1705320968064710912
1705029237997245952
1705497010125005056
1702542680890171904
1705546102929146880
1706185152095880960
1705728134629152000
1705755259425607936
1705583328076964096
1705042437405244928
1705214134152802048
1705416597195589888
1706187798843635968
1705406381552812032
1705318768140979968
1705404551000975872
1706010621628813056
1705126573525051904
1705321808371707904
1706167852290712064
1705982407534995968
1705234616053037056
1705144415476050944
1705669838789883904
1705405245095849984
1705556735301797888
1706167206279089920
1706076148648400896
1705727525662156032
1704537776723127040
1705906235094732032
1705980570136073984
1705320899862420992
1705667158398341120
1705549800830852096
1704855726480150016
1705648592605360128
1705407720535873024
1705199511868163072
1705404881082518016
1705635366589314048
1704977243901985024
1705320210584722944
1705647979564278016
1706248440521925888
1704956363416517120
1705134358578742016
1705410007904363008
1705633878590683904
1705583496561228032
1704855509481545984
1705132629074535936
1705152049903074048
1705234878028022016
1705730964030253056
1705385243254371072
1709812838054055936
1706185213688121088
1705405894556528128
1705649367497891072
1705463030278528000
1705241440208289024
1705407716536580096
1705386387027193088
1705894853298439936
1706011359421445888
1705664100375603968
1705321805871762944
1705727524662248960
1705584909002061056
1705754839755461888
1705320879866038016
1705649293504502016
1704783477303331072
1706011818570425088
1704867915561902080
1705241144728739072
1705404814088947968
1705929659729340928
1705647977064217088
1705663870283407104
1705234197083895040
1705039927453517056
1706104717015245056
1705409312425350912
1705416610696931072
1704334941707169024
1706074583601304064
1705063366005904896
1705125825016332032
1705154443829613056
1705635363089775104
1705063335004681984
1706076559443671040
1705645774119086080
1705214110155525888
1704779049996233984
1705126731036939008
1705495393116612096
1705144368484499968
1706082705921442048
1705928318186834944
1705583438069225984
1705298206135865088
1705152515821915904
1705384391290522880
1705544790969306112
1705213700663046912
1705384398789190912
1705409540930657024
1709812847054137088
1705754836755992064
1705754122170267904
1706009602641148928
1704956443419988992
1706011421927580928
1705988480504094976
1705039911451278080
1705728146128761088
1704855528481312000
1704867498783269120
1704537759221320960
1706167844290621952
1705665124530812928
1706082701421345024
1705463139280425984
1705667446977587968
1705906281119836928
1705560990129893120
1705064396165057024
1705241441708520960
1706248764034205952
1705322985179819008
1705404895083941888
1705927854923685888
1704769045385960960
1705061189379864064
1704537577226158080
1706249010507471104
1704537760221444096
1705132957577818112
1705125704627117056
1704782646344004096
1704889389072836096
1706184885600104960
1706185290081028096
1705755266924207104
1705072634533381888
1705125569521075968
1705754837755771904
1705544793968691968
1705584912001585920
1705063367505928960
1701071851381260032
1706238330700786944
1706249009507668992
1705670853204101120
1705635486876617984
1705125729532165120
1705407171410963968
1705560979631646976
1705647927561344000
1705405175588239104
1704984079046227968
1706249019006019072
1706104295907035904
1706163628695066880
1705385241254359040
1705386993139638016
1705409662814092032
1705927852924206080
1705234876528099072
1704976158964929024
1706186194361214976
1706238296703302912
1705907282095973888
1705663868283478016
1705386055778681088
1706248710535237888
1705288130836795904
1705061483653965056
1705151122933602048
1705646105777728000
1704855718980292096
1705153560793946112
1705125743929520128
1706192427259579904
1706082703921400064
1705495394116505088
1704956370916264960
1704977022912061952
1705323661711761920
1705125874516454912
1705989257466149120
1705407173910796032
1705406385052132096
1705374758299504896
1705134195590861056
1704889074072331008
1705463144280406016
1704781953333892096
1705320448086234880
1705126730036947968
1705670381103207936
1704984177934969088
1706167851790706944
1706187670354917120
1705405185589633024
1705237288845302016
1705730948030291968
1706185292081157888
1705560892339719936
1706015038759740928
1705581928585518080
1705048454850243072
1705146758435740928
1705322266851842048
1705072659033537024
1702954567128580096
1706238448188036096
1705237581360220928
1705645768618958080
1705409165440130048
1705318825640849920
1705647978064282112
1706187784842011904
1704441940928468992
1704537580226478080
1705982400033741056
1705929659229369088
1705546111427696128
1704334931707578112
1706185613571781120
1705043521387182080
1706166357880498944
1705670071306167040
1705234196583866880
1705755951130995968
1705463141280346112
1705238279322126080
1705560837842492928
1705234853028985088
1706248441521904128
1705405356582733056
1705063253301743104
1705664062872503040
1702548487796941056
1705298151632670976
1706166311788487936
1706080004076032000
1705667389400045056
1706192488850074880
1705730940031489024
1706186193861225984
1704537770722533888
1705125919517955072
1705145799101005056
1705633872091832064
1704984074546992128
1706185289580847104
1705298349152314880
1701159229397872896
1705736005586705920
1704336336344820992
1705237924354607104
1705237176358948096
1704891554832813056
1705990389015124992
1705669888927994880
1706082650816135936
1706163709303376896
1704889391572805888
1705907291594932992
1705234217081328896
1705925611621126912
1705320816068354048
1705321791888476928
1705664105375514880
1705463149280679936
1705323669711479040
1706011879564481024
1706167657303437056
1704956312415410944
1705645781118985984
1705410011904323072
1705072584329438976
1705988479504297984
1706082786321217024
1704779091497235968
1705982402534211072
1705730980529308928
1705153472295245056
1705583846566144000
1705730989528177920
1705643724709601024
1704951821063778048
1705323679711255040
1706248765034224128
1706189379385796096
1706238285203228928
1705125823516274944
1706186222357050112
1705237524354354944
1705298139134821888
1705579819127497984
1705234834529762048
1705152266899262976
1705990100999578112
1704892278002572032
1705663918277735936
1705721313119499008
1705749555595968000
1704807283310040064
1705722887750976000
1705324188179878912
1705667389899981056
1705125748729274880
1706248707034793984
1706239764791197952
1704867458081122048
1705132958077825024
1705544967554651904
1704891773802936064
1704984129937398016
1705635484376262912
1705560896839168000
1705664005872342016
1705241445709152000
1705667352396630016
1706184876098654976
1704984151036791040
1704984475039873024
1706185618571738880
1705635357090957056
1706187673354592000
1705664149373485056
1704980034614094080
1704783412298582016
1705649353000039936
1705325607652417024
1705407211904282880
1704952577962027008
1706165798337400064
1705210772065728000
1704891789302330112
1705144396979301888
1705298212136788992
1705375611322274048
1705900307991622912
1705405250595769088
1705663881283059968
1706082171424908032
1705125995722991104
1705384395289890048
1705648611105732096
1705495441611948032
1705320218085796096
1705925317709095936
1704807279310204928
1706187436373728000
1705663875783289088
1705298302150009088
1705667345395926016
1705241142729170944
1705241152227555072
1706239763791393024
1706075357567763968
1705579395860136960
1704891790802215936
1705463032778714880
1705634263554224128
1705234614053160960
1705039963452423936
1704956378916075008
1704979212172876032
1706239758792299008
1705320813568304896
1704951838063944960
1705320446586513920
1705072580328805120
1705669543782974976
1706163692800941056
1705132954577774080
1706076505941677056
1705752253643113984
1705405176588391936
1706185146596738048
1705039966951758080
1701072032992310016
1705152176901170944
1705320562073847040
1705125799520384000
1705200402818678016
1704892277502746112
1704855503981180928
1704956427418416128
1704781952333996032
1704891555332520960
1704889380072807936
1705923493608032000
1705237067371308032
1705989812481556992
1706010221634080000
1705990386515420928
1705923904768583936
1705750593654075904
1706249017006429952
1704956316415264000
1706011823570403072
1705925324708952064
1706011661934280960
1702548479295790080
1706015536738013952
1705146762436364032
1706104560824443904
1705645778618999040
1705405195090977024
1704895592553602048
1704976806922934016
1705237300844614912
1705384740381421056
1705125727427192064
1706079946479945984
1705753117850522112
1705125791521733888
1705925325708861952
1706189142348818944
1701159236398946048
1705670575784112896
1704889298576951040
1701158952304291072
1706239770290481920
1704941779843741952
1705923907768089088
1705929662729261056
1705125997222992896
1705560769637633024
1706185139098224128
1705989998977334016
1705463190286573056
1705923409713480960
1706163924222334976
1704979525441904128
1705150341047606016
1705927236198635008
1704805287825334016
1705497003625314048
1705463033278710016
1706184880099278080
1705643725209452032
1705144409977103104
1705145799600804096
1705560982631081984
1705406331959408896
1705667403401935872
1705663995874087936
1705544786970021120
1704889496415963904
1705463041778912000
1704887454107197952
1705125880016993024
1705669885928392960
1705989929972215040
1702954933147192064
1704977138905722880
1705199526367446016
1705043522387194112
1701159228397649920
1704979217172572928
1706185306081106944
1705735274296248064
1705736049482244096
1705237299344723968
1705750594654095872
1706185136598540032
1704855691977224960
1706010614628894976
1705061604893200896
1705988001559559936
1705673669833092096
1704334927707706112
1704889072072502016
1705644708713218048
1701159292896581888
1704984157536480000
1705145637022924032
1705470232248179968
1705040853425373952
1706187792842864128
1704694178197562112
1705144356986470912
1705375598434554112
1705241820209208064
1705670845703149056
1705407678537496064
1705463404791022080
1705125804019404032
1705125726532580096
1701343169972072960
1705667339895906048
1706193446886202112
1705581929585406976
1705495356617721088
1705324182680548096
1705298597662363904
1705153566294714880
1705751024017827072
1705125752728525056
1705544683884304896
1705154425828628992
1705134106579919872
1704889390572805888
1705152043403004928
1709812848054055936
1705925666718569984
1705132633074925056
1705375620321956096
1705721853938010112
1705234604553456128
1705544580884212992
1704807270810452992
1706192391264718080
1704984131437389056
1705040001445948928
1705643720210334976
1706076190940973056
1704897001540803072
1706166290292327936
1705495672332521984
1705990111998973952
1705635493877383936
1706076166445402112
1705559988373669888
1705320248090086912
1705907279095904000
1705039942953645056
1705669205885328896
1705924634460296960
1705546109927913984
1706239339687702016
1701159095384471040
1704810484720780032
1704779039996524032
1704782633344856064
1705463185785875968
1702542682890498048
1705064363661680896
1705722850755653888
1706082773821158912
1705546094930564096
1705463412791141120
1705145638022935040
1705928831325360128
1706080005575826944
1705991033418515968
1704537570225075968
1705579393860217088
1704782635844283904
1706166307789195008
1705199526867255040
1705893532401527040
1705298306650575872
1705670570283913984
1705752772367584000
1706011297420921088
1705408481488934912
1704984143037027072
1706193445386022912
1705495672832525056
1705416777203873024
1705199528367176960
1705406400050036992
1705125721032582912
1704805284825061120
1705064387664139008
1705373079080628992
1706188618852465920
1704537762721754112
1705663909779095040
1705384737381469952
1701158988898523904
1705546102429158912
1705753703078533888
1706010228132982016
1705728139129060096
1704783465303749888
1705988486503059968
1705072583829253888
1705544787969818112
1705153345317466112
1705238290322717952
1705134359178472960
1705900306991712000
1705923888101900032
1705134108080077056
1706104531326321920
1704335417969340928
1705408559384231936
1704977136906063872
1704956414918063104
1705199570859522048
1705072650533435904
1705061468655915008
1706192383764977920
1704867402786003968
1705288132836715008
1705387003139686912
1706077136950966016
1705987992561272064
1705470242749734912
1705146772436578048
1705546174024818944
1705648560780249088
1705550144328549888
1705212090169313024
1705039868448683008
1704781948834055936
1706074585601460992
1705322605722074880
1705126733536956928
1705386052778163968
1705405186589734912
1705556948801106944
1704979216672826112
1705134195090669056
1705039904450234112
1705236931382364928
1705732746453053952
1705237517353245952
1706248442522024960
1701159153885992960
1705493386094387968
1705144374483400960
1705300089160913920
1704897011540532992
1705408727449118976
1705989806981432064
1706011663934073088
1705039994946778112
1705670704796851968
1704951831563857920
1705154287848073984
1705722883751063040
1709812804054523904
1705061606893110016
1705928309095491072
1705495441111977984
1705151119434141952
1705239298805545984
1705669846290849024
1705063363006006016
1705384397789394944
1704781944334232064
1705125733928130048
1705147695086736896
1705405194090859008
1709812808054363904
1705063230804747008
1705407166910376960
1705384737881459968
1705980563135353088
1702954823647677952
1705321239578512896
1705325599651163904
1706076143549368064
1705289041074138112
1705579356357699072
1705548485231804928
1705145485610196992
1705061276948305920
1705728153128570112
1705923895601486080
1705495392116826112
1705125719532557056
1705125698627023104
1705298209636295936
1705648004563474944
1705721879141860096
1704867947556884992
1706192382764918016
1705134199091261952
1706011616433131008
1705322606222075904
1705324192179339008
1704779168998684928
1705578642974340096
1705241438207956992
1705416771704547072
1705583849565795072
1705495439112304896
1705241798707366912
1705491369095657984
1706238319700826112
1705463100782878976
1706079947479758080
1705924630960711936
1705670701796603904
1704984499538194944
1706166355380779008
1704889060572742912
1705665481792493056
1705730968530221056
1701072030992604928
1705406821524562944
1705153566794796032
1705297250191248896
1705126132509381888
1705730950030172928
1705153788273636096
1705152216896093952
1705408736450488064
1705544929460068096
1704956485426136064
1705407186908583936
1704867396785999104
1705407676037949952
1706167664703724032
1706239513103873024
1705132649076164096
1705154291347674112
1706011880064518912
1704537560723634944
1706163642695030016
1705125863515371008
1705560887840389120
1705063280799900928
1705893723045908992
1705029239497345024
1701342695490427904
1705373084580464128
1705929671228879104
1705926371230561024
1704979985607399936
1705646054171113984
1705406379053199104
1705645777119054080
1705927552118445056
1705495668832516096
1705125828516128000
1705927207461746944
1705029241997654016
1705298138135030016
1705125749430364928
1705154290847685888
1706079057449869056
1705321323081977088
1704979548638006016
1705237293845125888
1705125730427462912
1704984176435096064
1706165738248115968
1705495431113364992
1704779170499016960
1705324181680656896
1705134213093203968
1704889292578118912
1704782638843969024
1705928689320987904
1704887506597952000
1704694184196770048
1705238291322780928
1704984474040084992
1705927840326331904
1704956411417623040
1705320455085304064
1706239765291116032
1705648600105369088
1705463183785517056
1705321790874557952
1706074588101786112
1705989260965637888
1704977295994358016
1705406946026744064
1706011293921400064
1705320964564288000
1705730966030188032
1706188428401035008
1705404808090119936
1704809698713719040
1705145484610188032
1705409163440101888
1705582249093304064
1705582225091781888
1706166358880517120
1705667143399928064
1705585301177754880
1705408470487330048
1705583193422448896
1705927838326598912
1709812834054131968
1705579831426564096
1705648598605374976
1705153781773724928
1705125800020151040
1705146756935571968
1705928307688686080
1704441937929047040
1705579359858062080
1705490843601842944
1705409154938999040
1705665130029814016
1705145628522860032
1705667388899800064
1704782640843955968
1706239159687113984
1705583187921491968
1705667156398478080
1705134202591828992
1706186445476506880
1705029241497612032
1705579823626841088
1706192483850153984
1706167212279724032
1705670385103740928
1706185297581256960
1705583844066668032
1705385239254401024
1706248710035302912
1705063332504660992
1704889349571809024
1705210771565737984
1705546100429451008
1705406813024178944
1706184878599104000
1705583200923468032
1705721308118864896
1705721889643333888
1701342696990309120
1706076151647931904
1705989518022214912
1706011879064473088
1705546173024808960
1706015053757256960
1706075260160267008
1705386998139601920
1705409975905564928
1705634000076537088
1705585303177748992
1705040002945833984
1705546104428734976
1705635498877895936
1705237931853613056
1705375632431728896
1705040844926876928
1704979891008655104
1705241432207307008
1706192483350135040
1705063288800706048
1704537567224690944
1705648603605467904
1705321322581948928
1704976153465124096
1706238287203159040
1704769056887174912
1705495359117765888
1704984174935505920
1706193241880825088
1706165736748226048
1706163695301260032
1705460372314048000
1705322990179628032
1705320876366562048
1704984482538897920
1706192426759768064
1705548485731994112
1705584911001750016
1706186256853672960
1706078586983225088
1705927206961500928
1704951833563792896
1705463136780467968
1705323680711374080
1704781943334232064
1705126574025251072
1706104297407058944
1705324177681367040
1705646269291087872
1705579364858028032
1705667204902106112
1705237292345208064
1706239524103983104
1705072539522819072
1705556951801494016
1705241141729384960
1705320558574563072
1705642528755264000
1705323653212116992
1705900321491111936
1706082644316105984
1704891765804218112
1706239757792505088
1704952578962039040
1705235511500741888
1706075352043979008
1705126341215609088
1705928310188232960
1705407717536352000
1706165804336313088
1705409361421061888
1705234843029331968
1705752771867507968
1705923890601667072
1705373069580955904
1704782645343994880
1705583745562855936
1705583621049050112
1705241825209176064
1704335416969257984
1706075767549846016
1705241426706307072
1705670564284152064
1705146760936148992
1706185296581336064
1704956309415945984
1705236928882414080
1705152227896952064
1706075359043054080
1705298148133403904
1706076141549658880
1705648606105392128
1705404598104827904
1705406947026636032
1705647975564324096
1705667336395879936
1705663996374075904
1705634408563596032
1705735268796463104
1705669850791378944
1706193618390042112
1706011824570341120
1704335423969387008
1705929664729167872
1705072625033367040
1705234774934108928
1705556737301398016
1705134205092230912
1705407714536680960
1705125924017878016
1705907294594562048
1705669848291098880
1704781945834140928
1706166497794674944
1705409969406522880
1705241436707790080
1705925313209335040
1705061198378232064
1705234211582441984
1706163707803188992
1705583720559130112
1705040009445635072
1706076572044101888
1705582229591980032
1704867460581402112
1705152169902123008
1704867917061900032
1705989545952140032
1705406409548569088
1705125697126865920
1705145630522902016
1705664104375460096
1705728150628654080
1704951824063823872
1705470237749028096
1705556741300655104
1702548484796456960
1705906281619664896
1705721858938800128
1704891549833687040
1704984482038932992
1705147678485291008
1706082188425223936
1705200281325445120
1705667433476705024
1705409642905774080
1705072666033505024
1705234767935294976
1706077135950829056
1704984609037977088
1705923904268825088
1705928835825667072
1705579394360249088
1705039929953636096
1701158995397299968
1705321792388410880
1705990214508172032
1704979213672788992
1705147699086438912
1706013876302294016
1705560890340069888
1706079063450334976
1705649940587763968
1705924629460954880
1705153812372634880
1706192485350092032
1704891520537195008
1705927540616677120
1705134342581658112
1705072578328549888
1706011887063346944
1705407172410868992
1705648610605479936
1706185618071730944
1705495434612840960
1705064359161178112
1705043492388241920
1706186186361691904
1705550142828530944
1704951818063835904
1705544683384304128
1705153564294361088
1705894854798226944
1705408475988284928
1705154394331066880
1705238291822875904
1705210783566202112
1705751428989773056
1705927236698734080
1705649316003240960
1704889354571767040
1705375621932324096
1705491386095710976
1705670850703781888
1706104353907335936
1705635370588541952
1705664056871767040
1704952453664587008
1705322602222142976
1705409358921366016
1705153606294309888
1705749567993859072
1705153608793790976
1706167838290627072
1705125747229683968
1705210783066136064
1705406335458946048
1704855720480184064
1705669844290583040
1705578817975086080
1705544792469089024
1705320898362804992
1705581925586055936
1704956453421406976
1705663868783474944
1705199572859279104
1705298604661022976
1705906280619867904
1704976144966384896
1704867397286003968
1705407183409285120
1705384741881260032
1705126344716184064
1704956380416107008
1705127002555630080
1705320878366254080
1704867919561808896
1706248449523074048
1706074587101648896
1704979225171318016
1705470241749603072
1705730964530151936
1705670080804518912
1705728154628474112
1705495395116400128
1705495388117440000
1705647934562127872
1705463410291087104
1706013410054829056
1706167208779355904
1705495437112598016
1704867450581331968
1706239273678201088
1705408467486905088
1704887509097518080
1705721854438198016
1705300090660690944
1705579385359443968
1704976963907337984
1705416613697178112
1702542675889594112
1705385237254360064
1705241824709171968
1705648594605385984
1705409361920889088
1705199529366970880
1705665133029305088
1705152169402158080
1705560901838433024
1705385240254439936
1705386538289520128
1705125745929754880
1704891557332393984
1705633996076687104
1705153616293863936
1704694183196872960
1705322273851891968
1706185204688343040
1704887440608637952
1705237932853540096
1705373072080879104
1706102381424514048
1705323679365744896
1701159055387309056
1705925650721150976
1705495386617433088
1705289050075461120
1705124487153335040
1706185614571720960
1704808795759506944
1705906290618507008
1705751415987778048
1705584908002277888
1705646093775930880
1706076507441600000
1705409146938115072
1705125747930120960
1705043528986205952
1705319914095827968
1705061741060805888
1705730952030103040
1705735262297347072
1705039944453675008
1704867916061892096
1705241819709200896
1704956452921475072
1701072024492584960
1705544895961517056
1705635365589523968
1705061743060904960
1705384756378710016
1704893821592144896
1705663841781180928
1706248716036239872
1704537762221690880
1705409152938754048
1705039980449379072
1704976145966170112
1705152514321743104
1705404555500832000
1705904271516440064
1705132950577804032
1705667337895937024
1705132642075034880
1705755950131163904
1705578817475279104
1705667447477596928
1705736015585249024
1705063357505965056
1705237929353857024
1705579818627702016
1704779091997298944
1705736012585730048
1706082711421446912
1706076508941636096
1705323681866199040
1705730962030204928
1705144396479502080
1705152224896968960
1705924627461228032
1705154397330556928
1704984481539112960
1705241821209262080
1706187675454027008
1706185206188377088
1704889487915063040
1705924617462693120
1705200377820870912
1705982399533803008
1704889285579404032
1704976961407326976
1704855688976737024
1705154439829221120
1709812816554288896
1705578647474248960
1705322984679834880
1702548479795720960
1704956297917270016
1705735250397645056
1705125700127138048
1705749549996882944
1704867511784293120
1705039964952058112
1705237925854468096
1706185153595652096
1705298343152305920
1706010230632424960
1705237296845036032
1705721859438902016
1705320401591212032
1705375619321946112
1704889385072755968
1706238147204581888
1705722890250892032
1705667205902249984
1704808201267760128
1705546166524019968
1705072665033492992
1705124490152817920
1705029237497177088
1705386534290174976
1705406840526130944
1705665485291970048
1705649478082898944
1705491371595676928
1705320962564051968
1701159041889542912
1704346780597089024
1705926016760551936
1705751416487822080
1705154762839052032
1706082787321459968
1705298149632986880
1701071851881286912
1705072653033500928
1705923893601517056
1705670571283824128
1705907290095194880
1704892274503258112
1705126125508744960
1705635372088135936
1705063232655771904
1705664092875704064
1705039990447522048
1705646057171621888
1705730951530092032
1705152262898737920
1705241154227126016
1705667438477542912
1706189378385778944
1705495360617777920
1705410002404451072
1705321782887137024
1706186196360919040
1705409320423852032
1705649353999820032
1704974791520941056
1704867406786055936
1706012087361158912
1705125727927202048
1704779177499981056
1705990101499574016
1705298603661229056
1705988351512484096
1705721883642447104
1706239160687122944
1705048459850796032
1705145789102849024
1705670073805856000
1702542680390237952
1705064350660569088
1704783147808729088
1705544785470309120
1704867402285995008
1705154431828382976
1705752254143102976
1705144405977678080
1705064359661285888
1705063281800013056
1705923399212443904
1705547525787132928
1705384381792380928
1705928691820773120
1706011299420847104
1705750602154150912
1705416606696520960
1705153473295045888
1704980046615593984
1704439265471561984
1705925316209197056
1705583498061126912
1705906227594682880
1705927240199173888
1705153313318663936
1705234841529448960
1706010620628914944
1705374748799517952
1705152583825242880
1706239338687568896
1705064361161341952
1705126001722931968
1705989549452197120
1706238321700709888
1705925618621936896
1705406950526102016
1705152596826477056
1704959062334324992
1705298155132167936
1705241670212801024
1706185203688448000
1705152181900420096
1705152500319851008
1705321762384145920
1705126338215127040
1705634409563524096
1706185147096722944
1705928678822386944
1705153626793709056
1706189375885760000
1705063249802219008
1705470227747642880
1706076137550501120
1705320814568343040
1705241188221126912
1706190026787678976
1705583619049134080
1705318828640281088
1705405181589095936
1704782639343965952
1705043487888421120
1705667347896142080
1705925616121722112
1705072573827767040
1705125790521960960
1706185336179561984
1705042436405096960
1705547516288406016
1701159155886185984
1705547515288498944
1704805292825804032
1705153617793876992
1705497005125232128
1705154294846932992
1705550208323461888
1705320868867087872
1705320558074575872
1705043494388187904
1705409665814002944
1705544770472900096
1705126134009681920
1705409321423744000
1706239762291619072
1705495438612483072
1705988355012451072
1705126130009202944
1705234886026981120
1706239281179066880
1705318831139760896
1704956360416602880
1704977289994693888
1705072671533571072
1705319908096616960
1705409546429522944
1704336333344410112
1705407690536836096
1705241153227336960
1705152224396904960
1705318769641170944
1705048461351143936
1706013874302348032
1705064388164305920
1705406784421946880
1704537571225306112
1705579392860208896
1705287910336637952
1705460379314258944
1704977126407890944
1705545096351927040
1705990098000120064
1705297243690699008
1706239333686811904
1706082182425307904
1705664058872039936
1705925610620901120
1705320963064116992
1705644580668421888
1705061191379415040
1705132643575206912
1705241437207833088
1704952534156238080
1706011354421376000
1705578812476211968
1705072582829097984
1705642536755347968
1705126431509754112
1705925665718799104
1705126429509852928
1705323618716867072
1706185607571682048
1705751017518448128
1704783147308942080
1705928318686823936
1704977231402536960
1705730946530417920
1705319913595862016
1706186223856978944
1705321816371139072
1706104298407077888
1706015525736344064
1705126122008315904
1705925321208978944
1705323681211324928
1704984070047800064
1705545092852060928
1705927559119497984
1705416775703962112
1705989265464924928
1705375603322609920
1705669208384951040
1706076575044506880
1706165722250868992
1702954926146502912
1704956428418566912
1705491371095677952
1705749537499258112
1704441944427894016
1704952310468773888
1702954919645786880
1704956450420918016
1705926016260484096
1702548487297009920
1706238288203184896
1704956306916498944
1705134107580144896
1705145786103207936
1706190030787544064
1706015052257314048
1706104132399898880
1706010225133558016
1705040001945928960
1706082704421410048
1705753698579399936
1705043483388667904
1705072660033552896
1706239769790492928
1705408741951194880
1705241444208804096
1704855515981532928
1705405367080727040
1705039928453560064
1706106598818840064
1705670373102082048
1706076150648094976
1705749553496348928
1706185609071706112
1705752768868007936
1705648003563564032
1705134101579183104
1705321250078152960
1706248713535805952
1705730982029067008
1705061473155365120
1705649349000540928
1705990813943941888
1706192106900274944
1705386392027822080
1705648608605431040
1704769811364815872
1705154279349388032
1704346782596780032
1706082643816096000
1704984495538138112
1705063219155489024
1705669883428911104
1706075760549090048
1705550141828519936
1705061482654095104
1705463031778670080
1705928469406917120
1705732744953118976
1705545083851365888
1705928307095493120
1705649480583057920
1705645780618961920
1706238297703331072
1706185310081160960
1704952315469541888
1706248441021862912
1704977018912003072
1706074586101511936
1704943208022213888
1704897008540715008
1704887441108624896
1705925586717521920
1706075351567973888
1706165723250640896
1701159152885868032
1704889342071939072
1706075766549820928
1705153822872269056
1704952411963056128
1702542674389356032
1706012089861199104
1705406781421975040
1705560890840034048
1704956494926934016
1705409540430671872
1705495354617797120
1706166320287057920
1706163697801739008
1706167837790618880
1705063226155714048
1705669537782057984
1706192102401022976
1705153563294248960
1705583641548933888
1705321776386188032
1705749551996572928
1705544962055576064
1706078633488852992
1705234190584139008
1704984153536527104
1704951835563904000
1705039907950685952
1705646098776696064
1705213694163294976
1706249015006548992
1706015499732816896
1705753129348345088
1705234606553492992
1704441872934938880
1705495400615625984
1704979895008172032
1705061183880107008
1705990109499100928
1705409144937862912
1705583711557790976
1705669209384829952
1705320877866447104
1705154293347348992
1706076192940677888
1705409633404507904
1705043491388246016
1706168499181280000
1704984608037961984
1705241447209299968
1704984170935939072
1704984124438029056
1705751420988541952
1705667207902565888
1705667400901635072
1705928466406542080
1706188621852646912
1705736007086430976
1705649467082929920
1705416779703648000
1705544784470516992
1705153562294116096
1705754121170458880
1705061186879909120
1705925623122711040
1705298212636727040
1706075354067993088
1705238288822647040
1705583743062246912
1705287906837341952
1705322271851878912
1706248444522295040
1705925660219706880
1705556958302512128
1705667437977413120
1704441936929274112
1705749570993214976
1705667401401572096
1705750588654263040
1706011292921497088
1705751392986311936
1705152228396827904
1705750115711568896
1705387004139706112
1706187800844017920
1706238447188016128
1705236933382297088
1704335418469350912
1706011824070433024
1705556947300881920
1705064357160883968
1705928674822411008
1705470239249306880
1705321818370804992
1705214117655335936
1706076562443688960
1704984479539314944
1706012078861093888
1705061752562472960
1705497009624980992
1706249025005766912
1705125864015323904
1706011617933129984
1705642530755287040
1705289044574638080
1704334936707418880
1704807276810302976
1705583320075819008
1705926374730558976
1705667338895875072
1705145481610273024
1705320879366050048
1705929663229289984
1705126735036986112
1705406950026299904
1701159060886276096
1706166505295808000
1705406401549662976
1705072537522711040
1704984152536668928
1704889076571948032
1705214132153228032
1705407675537986048
1704977303993991936
1705584903003215104
1709812845553933056
1705416770204815104
1704952584962150912
1705125571021123072
1706074584101297920
1705670853704316928
1704334940207250944
1706189373385729024
1705751016018850048
1704889067572852992
1704887564595302912
1705728141128987904
1705648010062711040
1702954932147124992
1705406956025128960
1706239349689176064
1705126730536955904
1705750602654160896
1705200280825488896
1706188614352965888
1705409686909925888
1705325606152171008
1706079942980507904
1705463092782784000
1705125687425435904
1705560767137339904
1705144377582810112
1702642225020089088
1705404806090422016
1705404806590407936
1705153357315779072
1705405182089035008
1704979511444080896
1705234834029779968
1705234205083512064
1705072548524260096
1706185205688355072
1705495353117773056
1706163933721107968
1704889280580208896
1706168497681673984
1705732753452866048
1706080014074323968
1705145488610227968
1706166303290115072
1705664138874292992
1705989258965938944
1705495665832549120
1705416781803038976
1706077144952013056
1705214142651366912
1704889345071866112
1705125727032542976
1705241799707421952
1705750110712256000
1706010226133359104
1706015051257512960
1705729419429626112
1705893741046629888
1705670374102215936
1705409164940121088
1704335226476878080
1704956449920985088
1704897011040614912
1705321758383758080
1705635362589974016
1705239325301530880
1706011293421484032
1704943201522082048
1705664005372534016
1705407212904293888
1705669881394841088
1705988482003886080
1705040859924072960
1705669533281330944
1706248412021146112
1704887451607851008
1706166293791718912
1705927548117861120
1704943205022141952
1706186262852601088
1706078573981711104
1705649285505597952
1706077136451026944
1706076573544327936
1705237291345187072
1705900308991650048
1705583491561392896
1705213697163145984
1704805291825871872
1705582241593353984
1705583838567608064
1705237527854896896
1706184891100899072
1705298138635017984
1706104356407608064
1705649482083246080
1704335417469263872
1706248708534972928
1706011814570564096
1705384739381413888
1705583433570148096
1705663874283254016
1705154430328465920
1704984158536410112
1705386995639670016
1706239331686512896
1704892286001291008
1705581924586273024
1705583616549249024
1705406410548475904
1705322607721840896
1705550209823392000
1705153465796333056
1705126574525287936
1705386056278615040
1705460370313991936
1705320216585596928
1705385245754377984
1705043527986416896
1705320402091147008
1705579350856688128
1705042439405553920
1705583434069946880
1705200282325583104
1702954925646433024
1705928682321948928
1705649357499376128
1705545080851132928
1704977074413907968
1705323616716964096
1704943193522042880
1706184133969665024
1705386042776707072
1706015527236657920
1705648010562721024
1704952529655759872
1705559987873644032
1705408466486960896
1705144357986362112
1705990100499788032
1704979516943387904
1706075355043365120
1705583851065432064
1706166506295943936
1705927247200267008
1705319902097455104
1705548482731527936
1705730992527670016
1705321785375268096
1704769807865114112
1706075251561675008
1704951826563794944
1705990002977961984
1705644702713440000
1705753120849854976
1705126120008384000
1705649349500617984
1705927237198786048
1704769818863578880
1705730991027901952
1704887507097938944
1704952489658406912
1705154295846716928
1706104290906952960
1705578810476333056
1705406380052933888
1705664061372416000
1704984143536943104
1705416607696542976
1705072616532594944
1704892279502458880
1706075253061562880
1702954819147738880
1705583445068090112
1704891796302070016
1705900314991374080
1705409154438936064
1705146768436538112
1705404550500988928
1706079056449730048
1705405888556687104
1705556943300396032
1705321814371398912
1705634261053926912
1705405243595837952
1706165796337712128
1705583701056197888
1705460373313928960
1706166502795345920
1705664089375311872
1705404802091190016
1705043526986635008
1705061486653470976
1705234854028994048
1705132638074969088
1705492438637681920
1704977245402032896
1706011428427585024
1705900318991247104
1705237518853552128
1704778985004131072
1705321813871416064
1705321776886233088
1705987998560037120
1706015503733308928
1705989924472318976
1705062744804623872
1705669868629982976
1705320967564670976
1706239529603977984
1706193437884968960
1705583496061267968
1706189339488463104
1706075356067845120
1706011880564438016
1706166354880790016
1705635364089692928
1705064382663641088
1706185616571693056
1704779175999824896
1706076140049869056
1706185304081142016
1705134208592792064
1705581933585282048
1706192423760097024
1705134204091997952
1705900305491645952
1705722838757355008
1704976964907226880
1705214118155281920
1705386059779237120
1706010230132657920
1705407173410882048
1705544710381835008
1706082184425248000
1705560841342537984
1705199521867843072
1705061192879111936
1705925585717423104
1705583439568962048
1706076183442289920
1705906233094900992
1705556738301294080
1705545083351310080
1705925645221993984
1705544581384214016
1705236922882737920
1704976153965037056
1704855516481532928
1705470228247687936
1705560781638973952
1705125559020070912
1704769054386953984
1706011301420808960
1705320958563623936
1705134354079400960
1705581838380898048
1705549791832604928
1702954933647375104
1705663839280958976
1705550197323876096
1705583642049152000
1705063357005956096
1704976969907022080
1705126436509799936
1705906237094664960
1705750603154168064
1705751023517839872
1706076572544189952
1705063228156001024
1705927546617542912
1705633882089985024
1705407713036800000
1705409315424812032
1705667433976751104
1705405900556246016
1706079940980741120
1705633873591609088
1705406833525263104
1705154286848065024
1706011627433199104
1704959060334766080
1705153346317360896
1705409645406221056
1705405251095771904
1704769053386821120
1705241428206618880
1704439255973210880
1705408739450921984
1705583846066342912
1704979995608882944
1705404885082821888
1705152166402607104
1705061184880004096
1705560886340540928
1705406373554155008
1705134115080401920
1704808201767953920
1705234784933319936
1706075350544101120
1705407711036776960
1706166499294897920
1702642221020142080
1706166290792318976
1705409537431216896
1705463086283352064
1705238295322769920
1705670081304325888
1705495396616154880
1706104350906920960
1705493388593999872
1705667336895905024
1705721313619525120
1704984073047134976
1705072552524896000
1705753706578057984
1704867456581078016
1705320959563758080
1705375634931313920
1704956318015177984
1705318826640674048
1704694173198199040
1706184879099148032
1705646046169977088
1705320455585132032
1706239141585370880
1705645775619024896
1705298354152316928
1705893728045639936
1704805290325541888
1704889385572765952
1705386537789421056
1705063275799849984
1706078631488761088
1705988476504510976
1706011888063214080
1705409964407372032
1705145482110279936
1705665474793828096
1704952485159137024
1705463152281214976
1705125875516542976
1706104714015761920
1705982368029037056
1704977031412734976
1705064352660536064
1705322258351777024
1706011623933138944
1704895593053572096
1705234208582938880
1705728135629210112
1705560977131883008
1705928306688754944
1705125981721998080
1706187680253217024
1704810467719691008
1705722844756684032
1705545091352155904
1705664065372814080
1706075256560784896
1705408564384023040
1705717642135484928
1705043493388284928
1704783407798044928
1704783149808290048
1706015532237463040
1706011626433178112
1706189136349161984
1705134198591331072
1704889061072741888
1705635372588122112
1705669214383849984
1705385251853524992
1705463141780356096
1706156249480662016
1705238296922737920
1705583610049125888
1705029242997771008
1705633998576638976
1705549789832892928
1705495402615307008
1706166356380631040
1705579832426590976
1705673664332285952
1705928315095735040
1705134095578334976
1706078575981858048
1705663839780914944
1705407215904193024
1705460379814213120
1706248764534216960
1705199565860425984
1705929670229005056
1704952487658818048
1705321803372132096
1704441944927742976
1704335218477314048
1705300088661100032
1705200397319034880
1705463098282852096
1705238280822192128
1705753701078970112
1704782629345197056
1704336330343856896
1706238442688101120
1705234774434195968
1705670085303789056
1705200401318786048
1705927850924423936
1705990103991086080
1706102387923752960
1705386044776972032
1705144358986160128
1706248415021178880
1704952315969629952
1705928467406678016
1705927217463034112
1706168498681463040
1704783415299089920
1704891762804733952
1705386039776637952
1704951825563890944
1705125987222891008
1704439261972011008
1705928468406798080
1705145635522908928
1705323654212082944
1705495349617841920
1704977127407657984
1704855529981246976
1705928684321660928
1706013880302121984
1705386062779782912
1706104534826394112
1705548490732410880
1702954830647599104
1705583645049442048
1705373088079817984
1705667160898353920
1705126116008474112
1705323664711665920
1705407186408750080
1706076504941644032
1704778981504860928
1705893719546365952
1706167652803354880
1705982401534073088
1704769046385997056
1704778986503855104
1705667160398433024
1706079941980595968
1705125981222067968
1705409363920698880
1705153569795279872
1702542673889314048
1705923398212395008
1705132646575688960
1705241598711576064
1705544976553052928
1705406774922260992
1705664002373051904
1706190027787702016
1705386047777487104
1705904278015617024
1705239302804876032
1705649335502386944
1705751398486141952
1704977123408421888
1705544716380819968
1705239326801236992
1705649469582848000
1704537769722417920
1705152221896609024
1705134201591705088
1705063337504698880
1706193439385163008
1706104296907049984
1705238278322225920
1705581830379828992
1705670564784034048
1704782650844045056
1705893535401030912
1705649351000218880
1705550206823462912
1706075348568111104
1705154426328541952
1705407167910532096
1705125798020523008
1705925649721374976
1706079063950586112
1706186227356583936
1705151116934675968
1705925645721943040
1706168505180311040
1705646268791081984
1705151118934353920
1705410015904747008
1706082186925299968
1704694170198221056
1705583726059904000
1705404893083726080
1705416603696242944
1705989256466352128
1705670083804008960
1705669884394771968
1705384751379624960
1706192486850128896
1706187794843130112
1704892278502561024
1706239152186912000
1701159160387017984
1705145783603672064
1705132952577784064
1704537761721627904
1705043484888596992
1706079051449177088
1706104352407097088
1705125570021007872
1706015048758193920
1704959058834889984
1705407678037540096
1705665486291762944
1705405905056105984
1704810485220969984
1705321759883938048
1701158985399056896
1706010618128849920
1704979513443770112
1705544975553260032
1705545092352062976
1706163743708477952
1704346779597286912
1705560980631432960
1705667444477556992
1705752769367845888
1705900315991397888
1705544971053985024
1705319914595648000
1705319912595943936
1705493389093964032
1706076559943689984
1705409664813969920
1705463396291056896
1706165724750436096
1705667435977059072
1705754840755250944
1706248444022363904
1705928310095376896
1706185305581082112
1706184129470386944
1704783140810019072
1705649479582993920
1706185207188310016
1705144360985819904
1705646053170981120
1709812844053985024
1704782648844026112
1704974788020487936
1706238298703206912
1705669871630051072
1704855514981516032
1701159036890373888
1705072617532526080
1705583852065443072
1705583446067857920
1706163696801600000
1705463399790991104
1705665468294714880
1705463413291100928
1705670390104538112
1704810479219963904
1705298347152273920
1705900320991191040
1705579829426651904
1706075767049829888
1705323666711569920
1705409660314123008
1705384389790818048
1705409152438688000
1704891559332325888
1705752519130601984
1705405179088691968
1704889064072809984
1705750594154080000
1706167847290680064
1705407205905214976
1705559979873541120
1705321778386583040
1706239789188040960
1705320826068414976
1705647926061165056
1705405371079969024
1704984177435173888
1705491368595653888
1705134199591453952
1706185617571708928
1705234850529094912
1706156251980720128
1701159235398712064
1705409639905295872
1705322604722065920
1706188431900363008
1705321781886958080
1705633804003055104
1705061270447671040
1704855516981444096
1705583495561244928
1704891769803534080
1705665469294650880
1705663844281543936
1705665129529826048
1705384387291241984
1705649934587557888
1705323667211555072
1706078581982560000
1705923903101152000
1705548482231453952
1705323675365121024
1704867398286020096
1706015506233552896
1705583486061562112
1701159097384531968
1705406374553918976
1705579391360274944
1705061196878391040
1706011815570590976
1704855527481291008
1704979892008441088
1704867459081120000
1704984069547883008
1705318767140861952
1705063330504634880
1705214143151350016
1705289048075230976
1705980562135215104
1705646093275827968
1705321817870712064
1705583844566462976
1705583432070272000
1705722843756701952
1706186260852968960
1705491374595700992
1705926020760397056
1705544590384050944
1706239521603922944
1705322270851873024
1705404607604922112
1705320406590497024
1705928311688015872
1705989806481533952
1705321802372300032
1704769877663757056
1705751025017615104
1701159226897433088
1704889296077590016
1705298211136513024
1704889295577605120
1705323666211548928
1705321802872282880
1705583608048881920
1705463106782588928
1705404608604943104
1705125920017946112
1705667346396080896
1705072533522359040
1705132638574972928
1705545082351223040
1705323678365619968
1705298394649065984
1705544773972366080
1705663993874388992
1705238289822654976
1704889392572847104
1706013421056274944
1706239134584300032
1705134343081458944
1705409149938484992
1706185312081459968
1706166490293556992
1705583615049401088
1705212043165424896
1706078572981566976
1706015534237701888
1706015494232432128
1705145798601024000
1701159279398245120
1704889346571879936
1705980564135490048
1706163741708222976
1705039874449443072
1706192423260272128
1705061594393590016
1705752520630618112
1705549798331366912
1705325597150768896
1706074591102223104
1705132964077697024
1701159150385657088
1706082782821116928
1705751420488353024
1705560843842509056
1704783480802982912
1704887510097415936
1705670572783824896
1706188425401387008
1705980561135086080
1705549796831589888
1705126119008375040
1704855720980193024
1704891528036495872
1705298304150374912
1705463031278661120
1705324184680235008
1705318772641359104
1705578639473999104
1705495396116185088
1705134214093209088
1706015524236195072
1705649935087554048
1704976964407310080
1705126727537054976
1705583190921989888
1702954567628592128
1706193626388553984
1704779042996509952
1705644583168100096
1705153823372292096
1705234178085163008
1706186224356947968
1705318766140845056
1705988354512440064
1705064494654426880
1705323665711565056
1705583323576386048
1705064365661908992
1706013419556200960
1705408562384154112
1705751399986071040
1705063231804766976
1705064353160488960
1705375610322382080
1705124495651980032
1704979522442543104
1705649285005776896
1705384398289382912
1705754126669691904
1705199516868103936
1705663870783399936
1705754126169793024
1705152272400183040
1705237926354301952
1705649475582631936
1705670579284608000
1705583443068227072
1704335226976908032
1706011820070532096
1705152219396393984
1705560775638502912
1705064391664616960
1706163635195319040
1705751386986511872
1706239528603945984
1705386040276656128
1705405902556175872
1705900320491196928
1706193619389805056
1704808799259846912
1705126430509857024
1705579831926590976
1705237582360248064
1706188433400142080
1706239523603975936
1705752767868140032
1705325595150482944
1705154281349050880
1705154277849416960
1705154437329048064
1705126565523951104
1705663876783173120
1705728135129180928
1705721305118296064
1705460368814098944
1705153776774040064
1705287719364130048
1705152518322376960
1705550139328590080
1705583191422064896
1705491373095697920
1705906286618951936
1705989927972178944
1705062749304679936
1705241797707351040
1706185337179342080
1702548485296640000
1705721311119260928
1705556750799452928
1704810478219840000
1705550206323552000
1705048455350174976
1705750582654502912
1705755957130814976
1706189370885809920
1705320210084525056
1704810477719740928
1706239521103911936
1705583317075378944
1702548483796335104
1705582247093438976
1704891555832547072
1705547522787540992
1704891520037391872
1706239531104014080
1705132640074952960
1705147672985216000
1705320896862915072
1704335418969368064
1706011424927614976
1705043485388516096
1705322267851846912
1705721880641936896
1705490844101810944
1705323653712060928
1706185210688188928
1705404896584019968
1705152499319885056
1705322265851834112
1705928686321478912
1705125924517782016
1706248412521154048
1705125918517969920
1705906233594820096
1705925581217487104
1706249022005945088
1706011889563035904
1705154765338992896
1705241430706937088
1705154768838811904
1709812810554381056
1706076500441314048
1705238278822249984
1705989796481036032
1705125925517792000
1706239345688728064
1705642531255298048
1705125872516248064
1705665123531099904
1706187793343045888
1705385246254345984
1702954821647736064
1704976809922956032
1705495352617772032
1705152597326669056
1705322271351877120
1705152504820377088
1706078575481900032
1704980040114722048
1705064501154205952
1705409978905490944
1705154278849317120
1705648595605432064
1705125687925500928
1705061471155677952
1704537772222712064
1705150348546706944
1706010224633570048
1704346781596985088
1705583717558660096
1705544931959987968
1705544887462766080
1705320903861661952
1705669007894650112
1705670382103342080
1705925582217498112
1705583617049272064
1701159045389021952
1705749564994355968
1705559977873288960
1705722847756186112
1705384759878198016
1705405186089692928
1705126733036952064
1704889074572291072
1706102384424056064
1705405179588736000
1706248408520640000
1705385249853821952
1705669009394809088
1705319911596044032
1706104723014426112
1705749543998023936
1705664058371973120
1705735263797061120
1705408563884186880
1704952587562108928
1706076162945899008
1705928310595341056
1705153785273666048
1705406783421896960
1705663846281794048
1705752778866589952
1706239782188570880
1705323683711670016
1704335225476860928
1705324191179447040
1704537759721381888
1705988482503692032
1705649368997660928
1706163693801082880
1705663992374790912
1705544896461324032
1705126575025371904
1704952415463019008
1704893819092093952
1705755267424192000
1705241662212814080
1701159223897074944
1705990807445197056
1705200332823997952
1705990098500111104
1705927239199047936
1706189144848467968
1706193323388687104
1705200337323877888
1704537563224078080
1705043530485929984
1705664149873473024
1705072576828229888
1705153810372727040
1705062742804720128
1704783466303759104
1705238285822254080
1706238444188145920
1704808800259975936
1702954937147852032
1705988487502843904
1705927854423907072
1705667143899825920
1705061600893273088
1706104726013774080
1704336345845332992
1705649941087756032
1705072544523532032
1706238338200741888
1705560771637897984
1705560839342512896
1705579345355974912
1704891788302311936
1705667203401793024
1705320961564064000
1705732735454636032
1705154436828876032
1705556750299537920
1705241599711597056
1705152182400348928
1706011359921446912
1704336339845274112
1705406770922395904
1704889060072732928
1705064502154061056
1705544574384186880
1706076501941552896
1705127006555099904
1706166294291707904
1705404614104864000
1705153612793844992
1705241448709611008
1705928463906230016
1705583504560669952
1705153312818731008
1706239532604027904
1704979990608148992
1705126995556636928
1705732752452846080
1705241659212773120
1706187788342383104
1706015525236408064
1705125702127122944
1706166505795853056
1705236932382382080
1705989283961581056
1705929658729340928
1705581920086669056
1705749573492718080
1705126115508560896
1705664055371677952
1705669890427866112
1705406371054605056
1705146770936608000
1705039907450639872
1706015044258905088
1705416608196610048
1705125871016091904
1706167841790718976
1705495392616645120
1705048462851348992
1704889281080032000
1705407683536838912
1706193329889520128
1705663844781501952
1704976967907109120
1705555890278860032
1705925318709116928
1705665472294142976
1705040005945786112
1705463044778928896
1704952487158831104
1706187431874430976
1701072027492667904
1705210785566393088
1705727523662224896
1706165802836402944
1705241660212784896
1705546096430274048
1705670377102746112
1705373082080557056
1705064501654230016
1706082647816076032
1705583838067700992
1704943197022103040
1701158981399702016
1705556744300139008
1705906288618654976
1705560984630747904
1701159157886578944
1705633798503358976
1706238134706710016
1706074590602114048
1705145493610263040
1705583435069746944
1705583734561110016
1705989805981527040
1705670069706544896
1706011624933154048
1705545095851898880
1705893729545654016
1705989514022738944
1706184891601091072
1705234201583767040
1704956376416126976
1705408729949402880
1705548489232356096
1706249014506745088
1705463402291010048
1705578631472829952
1706104728013454080
1705928308188674048
1705646105277643008
1701342692490796032
1705752517630576128
1705648564279749120
1704855725980250112
1705298143634095104
1706077144452004096
1706075360067707904
1706163698301669888
1704334933707515904
1706167655803396096
1705989800981412096
1705928470407053056
1705416604696376064
1705649316503245056
1705127008054951936
1701159281898018048
1706009605141618944
1705320956563478016
1705497004125229056
1705670843702746112
1705416616697248000
1706106597818680064
1705544934959859968
1705134191090233088
1705063285300147968
1705134104079621120
1704891560832364032
1706184882599716096
1705463094782812928
1704889381072709120
1705673667332784896
1705752768367931904
1706104716515443968
1705751421488585984
1705407718536178944
1705234205583607040
1706185292581221888
1705324189179770112
1705926010760073984
1705407676537698048
1704889294077721088
1705730949030208000
1705665468794743040
1705546096930262016
1706238295703254016
1705289041574341120
1705406772922318080
1704980039614789120
1706168506680068096
1705320865367238912
1705407204905443072
1704952420462941952
1705061598393399040
1705407170410814976
1705925609620734976
1705663911278921984
1705152516822029056
1705072638033419008
1705241433707328000
1705728142628929024
1705649336502316032
1705925597218929920
1704984167936207104
1705405178588646912
1705298160631968000
1705924621962092032
1705463103782800896
1705722836757475072
1705373081080545024
1705061190379632896
1704980040614920960
1706104340906502912
1706015505233402112
1705649473082700032
1704952567961254912
1701159064385753088
1705063282300004096
1705669545783261952
1704984154036518912
1705322603722170880
1705072570327305984
1704867938058578944
1705374765299621120
1705064362161608960
1705556731802503936
1705404807590251008
1705404558500737024
1706080002576295936
1705298351152358912
1705927243699666944
1705730966530196992
1705152498819881984
1706187681752945920
1705043526486650112
1705751424488967936
1704979992108321024
1704805282324850944
1705287715363623936
1706076169444784896
1704984147036934912
1705321337582472960
1705989268464315904
1704336335844595968
1705298305150502912
1704889071572677120
1705125682424556032
1705126569024524032
1705463194787226112
1705644579168666112
1706239152686853120
1705893720546205952
1705717638636116992
1705212077668306944
1705234213582075904
1705581837880857088
1705544660386588928
1705667346896037120
1706079049948965888
1702954924646396928
1705633808502883072
1705234610553295104
1706102382924332032
1705633801503106048
1706165794837946880
1705321786375219968
1705633799003275008
1704769813864496128
1705237921855109120
1705408464486622976
1705321788374961920
1704346790095734016
1705375617822038016
1705491385595726080
1705404598604830976
1706238294703223040
1705125995222970880
1705894860797114880
1704977072413946880
1705928308095419904
1705407210904374016
1705072658533529088
1706075349068140032
1701159063385850880
1705730945530629888
1706239157687054080
1705585302677740032
1705667441477489920
1705649289505029888
1705062752804729088
1705550143328536064
1705153311818713088
1706186457476263936
1705893538900576000
1706082181925293056
1705923501606577920
1705673672833491968
1706185153095666944
1704335428969378048
1705728148628726016
1705126728037050880
1705321757883693056
1704952416962941952
1704891798801968896
1705906286119116032
1702954926646555904
1705664001873061120
1705925613121207040
1705754841755035904
1705134204592188928
1705152273900366080
1705239327801207040
1705667152399106048
1705753708077975040
1706184139068793088
1704855724980256000
1705405196591145984
1705669885394789888
1705234601553659904
1706011625433163008
1705749539498949120
1705061593393584896
1705406956524921088
1705990211507751936
1704439262472100096
1705144398479176960
1705405359582192896
1705544718880496896
1706239517603964928
1705649333002838016
1705491381595670016
1704976802922874880
1705667199901316096
1705583731060702976
1705463140280442880
1705145487610243072
1705927240699389952
1706238335200756992
1705581917086766080
1706076191440777984
1705544867065255936
1705234180084910080
1705235497501274112
1705633879090504960
1705409970406309120
1705929655229499904
1705153814872535040
1705544936459866880
1705152505320422912
1705634267054838016
1705039861447642880
1705134098078769920
1704889487414995968
1705633881090214912
1705125558520068096
1704977132906803968
1702954936647802880
1705409962907599872
1706015535737881088
1705926379230537984
1704855507981519872
1705062746304624896
1705134209092723968
1705147681485600000
1705925312709306112
1705408736950529024
1705126124508623104
1705649937087600128
1705923490608663040
1706015042259183104
1705199518368040960
1706104354407383040
1705649280505676032
1705039874949649920
1705234778934050048
1704943205522145024
1706104117401041920
1704867914562019072
1705375619432407040
1701343167971834112
1704889063572782080
1705063251302077952
1705210763565166080
1705579827926801920
1706248448522961920
1705408480989001984
1705648567279825920
1705406370554637056
1705928831825390080
1705298206635940096
1705298154632140032
1706015040759418112
1705153564794547968
1706104355907673088
1705289047075001088
1706011655434865920
1705241186721248000
1706186456476396032
1704979559137248000
1705241667712872960
1705646096276238080
1705491391595161088
1705550151828656896
1705721857938661888
1705039948953724928
1704889348571904000
1705318827640491008
1705900317491342080
1705152223896875008
1704867405286055936
1705406336458848000
1706193438385014016
1705460371814031872
1705409362920794112
1705470228747763968
1704810475719692032
1705409311925366016
1705287722364389120
1705749573992705024
1705648009562745088
1705064504653997056
1704855511481475072
1705667447977604096
1705670842202567936
1705990392514586880
1705072652533481984
1705039903450010112
1705061603893193984
1706238137706213888
1704335423469374976
1705924618462487040
1705663850282235904
1705581825379072000
1705153616793868032
1705039943953664000
1706167663703616000
1709812809554323968
1704889382072702976
1705125802019828992
1706188612852943104
1705062743304620032
1702548486296769024
1704951839063963904
1706185290580982016
1705238286322319104
1705555891278993920
1706163633195372032
1706168506180080128
1705125745230078976
1705324180180841984
1704783413298706944
1704977133906582016
1705039940953718016
1705548486231934976
1709812838554102016
1705321251578213888
1705749542998233088
1705644586267533056
1705559984873857024
1705670376102621952
1705583740062049024
1706106603319206912
1706011358921438976
1705409546929507072
1705125831516104960
1705646101777084928
1705544575884228096
1705234782433433088
1706239344688368896
1706163710803602944
1705408746951912960
1701071847881523968
1705200285325867008
1704891799301883904
1705989512523110912
1705063260300477952
1704952578462031872
1705647928061299968
1705730969530255872
1705406787421865984
1705583316075396096
1705132632574920960
1704952490658202112
1704976806422914048
1706184131970065920
1705928677822364928
1705990810444587008
1705664091375464960
1705409365920379904
1701159059886379008
1705663878783130880
1706104717515232000
1705664144374016000
1705234838529511936
1705923908268078080
1706239335687047936
1705319903597184000
1704956375916107008
1706167650803411968
1705152510321208064
1705754124170112000
1705153825372158976
1705663840281101056
1705644711713060096
1706166287292833024
1705988345512453120
1705152588825473024
1705387002639681024
1705287904837624064
1705134352579819008
1705669531781145088
1704977293994490112
1705649369497655040
1705144413976365056
1705288135836780032
1705495667832482048
1705239324301743104
1705145632022874112
1705063289800826112
1706185215688057088
1706238433188439040
1705199523367868928
1704956493427052032
1705153557293458944
1706078624488742912
1704976157965012992
1705579817028082944
1705063286800374016
1705408472487589120
1706238447688008960
1704959059834780928
1705144411476807936
1705040856924632064
1705287723364410880
1705663869783491072
1705386382026874880
1701159106385603072
1705925652221020928
1704889490915470080
1705288123836751872
1705407691536843008
1705153807372816896
1705665123031111936
1705373086080233984
1704336347845224960
1706167843290621952
1705125755728176896
1705548481231332096
1705416771204603904
1705152054403073024
1706238149204178944
1705289039573933056
1706082776821114880
1705649476082647040
1705048452849861888
1705407209904576000
1705728138629071104
1705560776638629120
1704439268570949888
1705470229747862016
1704441935429602048
1705404810589656064
1705134206592434944
1705153351316612096
1705491379595728896
1706082702921379072
1705375601434051072
1705237290345262080
1705495351117752064
1705647933562001920
1705153780273901056
1704891561832265984
1704979983607133952
1705989997477160960
1705735252897704960
1705325595650694912
1704781940334416896
1705062745804624896
1706187674854188032
1706163698801900032
1704984618537093888
1705664144874042880
1704976156464950016
1706076163945709056
1705320556574882048
1705153779773876992
1706193300885334016
1705040846926417920
1705900307491591936
1705633885089474048
1705649363998412032
1706185151095987968
1705582230092165888
1705072628033413120
1705550131328486912
1704980032114172928
1705584901503346944
1705241139729716992
1705039908450765056
1705063359505954048
1704897008040685056
1704943202522098944
1701072025992632064
1705152233896807936
1705212092669338112
1705545081851269120
1705544872064459008
1705039939953701120
1705583609049003008
1705234840029526016
1704808795259447040
1705579836426470912
1705375618322033920
1705040852925389056
1705386992639616000
1705546107428408064
1705144363485362944
1704809699713831936
1706166311288680960
1705237178858420992
1706076193440487936
1706187425375620096
1705200337823764992
1705460378314136064
1705298348652305920
1705470231748246016
1706238444688037120
1705928693820481024
1705989551952431104
1704889291578330880
1706011656934874880
1704979560137143040
1704334943707102976
1706011304420729088
1705736054482678016
1705648602105415936
1705145491110240000
1705063237655836928
1706165730249390080
1705727531162520064
1705152496319899904
1706078625488720896
1706193241380798976
1705579355357527040
1704977248901850112
1705387005139611904
1704889285079418112
1704889493915729920
1705989513022927872
1705042438905509888
1705989279462400000
1705927215462786048
1704984171435932928
1705736001586930944
1704956372416212992
1706104293907002880
1706185214688075008
1704979507944667904
1705463414291250944
1705124489153054976
1705145784603634944
1705460377813959936
1704336336844869888
1704441937429255936
1705151119934125056
1705325601151334912
1704769596688913920
1705649352000143872
1705386064279920128
1705237066871323904
1705560852342496000
1705648611605670912
1704335414968984064
1706190024787764992
1701343163471173120
1705039948453719040
1705490851101586944
1705906241094534912
1705298600161752064
1705490846601762048
1706079065450658048
1705646061172288000
1705409669313810944
1704897010040596992
1705583849065812992
1705126120508368896
1704951828563824896
1705300084161826048
1705298141634490112
1705320213585270016
1706075763549595904
1704694175697890048
1705670565284060928
1705906291618437888
1705324185180166912
1706104290406949120
1705649329503303936
1705406327960140032
1705990392014596096
1705544892962023936
1704891797301958912
1705152039903301120
1705544778971449088
1705287903337840128
1705126135409744896
1705495664332535040
1705667153898831104
1706192391764707072
1706184890600857088
1706078580482387968
1705556736301603072
1705063228655998976
1705644578168869888
1704867499283454976
1705670701296357888
1704335213978009088
1705644589267045888
1706015500232884992
1705544713381327104
1705732739453843968
1705581828379552000
1705928683321858048
1705234206583394048
1704891769303548928
1706167214279900928
1705406408048574976
1704889358071813120
1706238441188154112
1705406333459276032
1706079937981071872
1706239340687837952
1705134103079496960
1704694180697231872
1705404882082558976
1705406778922141952
1706167853290732032
1705670388104246016
1704956416418138880
1705582224091756032
1705559973873187072
1705125730927548928
1702954564628677120
1705042442906153984
1705321817370926080
1705061749061795072
1702542670888796928
1705673661831816960
1705152164902775040
1705649477582676992
1705322984179817984
1705200381820355072
1705320454585338112
1704855715480133120
1701159040889701888
1702954826147792896
1705752774867134976
1706011300420886016
1705408474487950080
1706077142451815936
1705409158439409920
1705667387899667968
1705048460351011072
1701158977400425984
1705544865065667072
1704335413968852992
1705320445086620928
1705663873783336960
1704951821563790080
1705544895461529088
1705663871783417088
1705646047170087936
1705667150899240960
1705321815371299072
1705579816528098048
1704335215977719040
1705669536781923072
1705298387148986880
1705152047902993920
1705409366920292096
1705063281300002048
1705670713798258944
1702954559127968000
1705923494607910912
1705409972406086912
1705669207385129984
1705544652886529024
1705298310651233024
1706239267677602048
1705927855423675904
1706239760792075008
1709812833054145024
1706189372385826048
1705460366814174976
1705321777386308096
1705664145374035968
1705234783433410048
1705409635904804096
1705409642405731072
1705644576669101056
1704891768803588096
1706015501733044992
1705989546452135936
1705925595718598912
1705384740881295872
1705048456850322944
1705495388617293056
1705152038403513088
1706078637988797952
1705072613532572928
1705061197378373888
1705579384859249920
1705125792521636096
1704855499980713984
1705987999060036096
1705318827140505088
1705583731560635904
1705406400549865984
1705063219655485952
1705124484153969920
1705495352117763072
1705409370919550976
1704336345345323008
1706015540738667008
1705063340004689920
1706076499441187072
1705237178358629120
1706186454976547072
1705649481583077120
1705490854101504000
1705321249078257920
1706193436384763904
1705990112998978048
1705669212384177920
1705147674985230080
1705751426989445888
1705667155898510080
1705386049277710080
1705406818524601088
1706166497294629120
1705405252095783936
1705125877516815872
1705560777638866944
1705405895056440064
1705990812944142080
1705635355591322880
1702954921645990912
1706166344882640896
1706249024505848064
1706193299885204992
1706104299407095040
1705040008945607936
1705409636404887040
1705544782970738944
1706165732749104128
1704867449081297920
1704984610538018048
1705132639574959104
1705635359090492928
1705544654386557952
1705925324208922880
1705470245750227968
1705241443708870912
1705384399788987904
1709812804554509056
1705153614293851904
1705667153399005952
1705416770704637952
1704808792759258112
1706185610071723008
1705039990947508992
1705234204583676928
1706102386923891968
1705408471487458048
1705386992139609088
1705929672228890112
1706011294421390080
1706166276794884096
1705125793521423872
1705062749804681984
1705635497877748992
1704891528536512000
1704439264971468032
1705144358486345984
1706186255353783040
1706015501232985088
1705214113155462912
1705125563520096000
1701159042389526016
1705406402049647104
1705072539022693888
1705493392093541120
1705150341547677952
1705236933882287104
1704855716480201984
1704783145309242112
1706015494732406016
1706193620889586944
1705492437137388032
1705320449086022912
1704952535156370944
1705298303150136064
1705072578828483072
1705063230655728128
1705648565779796992
1705907284095919104
1705375616322103040
1704976801422878976
1705496999625384960
1705906282619534080
1705670379603027968
1706075353043766016
1705237528354938880
1705988490002472960
1705904279515362048
1704769595189135104
1705583617549217024
1705751015518863872
1705125701127163904
1705125827516119040
1705125739428890880
1705669834289402112
1702954840645778944
1705490847101745920
1704867457081091072
1705665475793620992
1706238151203890944
1705544718380398080
1705645775119169024
1706184882099535872
1705300087661193984
1705405353583245056
1705405898556335104
1702954559628067072
1706185299581244928
1706015503233129984
1704335222977029120
1705154434328689920
1705125560020079104
1705144356486706944
1705212091669327872
1705199513868108032
1705544772472470016
1705386540788848896
1704694186196471040
1705063233804669952
1704783409298095104
1704769807365125120
1705321235078734080
1706249011007267072
1704336331343985920
1704984608537966080
1705728137129114880
1705989544452198912
1705900319491278080
1705923398712353024
1704783145809040896
1706074586601453056
1706163631195432960
1705990812444306944
1704887448108199936
1705154285348411904
1705728147628701952
1705384743381043968
1705544722879688960
1701343164971342080
1705579814528451072
1706192388764739072
1705667148899525120
1705241675212840960
1705145486610204928
1705405245595853056
1705667144399814912
1705633878090695936
1705125689925736960
1705579388359836928
1704974793521083904
1705544894461734912
1705470237249094912
1705990205506834944
1705298208636168960
1705386045277168128
1705645766618608128
1704979507444592128
1704979889008965888
1705495431613359104
1705153770275315968
1705470235248741888
1705544972553772032
1706011430927638016
1705152590325607936
1705927843825682944
1704867941557861120
1705319908596444928
1705923898101360128
1705039969451348992
1704867461581531904
1704887565595203072
1704335419469378048
1704783473803846912
1705926378730529024
1705664057371832064
1705583706056866048
1705409359921218048
1706082185425271040
1705386380526844928
1705064393664864000
1705153556793416960
1706076582545668096
1706184140068641024
1705241145728638976
1705670383603685888
1701072030492537088
1705298152132658944
1704810470719606016
1705322979180003072
1705322265351832064
1706166357380505088
1705735255897651968
1705633799503192064
1704979525941890048
1705154437828997888
1705581835880579072
1705730959530149888
1705234203083785984
1704892284001700096
1705153815372559104
1705241172223832064
1706188615352983040
1705213689163486976
1705989923472289024
1705237172859495936
1704979559637228032
1705559986373775104
1705132637074964992
1705405190090241024
1706193239881009920
1705126568524346880
1706011813070627072
1705064497654243072
1705665128030209024
1706011653934920960
1704441881434652928
1704537575225902080
1704951824563863040
1706193622389285888
1706082702421367040
1705154279849282048
1705646267291045888
1705634265554473984
1705928673822391040
1705546169524460032
1705988358512527872
1705893528901910016
1706193325888883968
1705127008554770944
1706011647434804992
1705234191584035072
1705152176401208064
1701159068885196032
1705749568493630976
1705151117434471936
1704952449164708096
1705125695626475008
1705906293118177024
1705463106282514944
1704893826592389120
1705061740060681984
1705408560884248064
1706165796837511936
1701158989398322944
1705752521130593024
1705039964452238080
1705386050777892096
1706238286703156992
1705982403534351872
1705584900503560960
1706238448687891968
1704346790595717120
1705072661533464064
1704977015911944960
1705410006904304896
1705200374321637888
1705320561574022912
1705125866515820032
1706186446476515072
1705583195922678016
1705906229594935040
1705406325460265984
1704956372916214016
1706015540238476032
1705755953630923008
1705234211082455040
1705664004372633088
1705153352316506880
1704335419969287936
1705749543498220032
1705463137780410880
1705153348816858112
1705153787273583104
1705470240249426944
1705556945800593920
1704887511597006080
1705384745880556032
1705234212582316032
1705545096851919872
1709812806554283008
1705320410090055936
1706077140951622912
1705325209664209920
1705063331004641024
1705544868065163008
1706185616071705088
1705154425328642048
1704889353571859968
1706185217188026880
1705320969064843008
1705560980131467008
1705560988630011904
1704779087497231104
1705298342652292096
1706193629388164096
1705495395616368896
1705750597154141952
1704984492038210048
1705923400712508928
1705980565635601920
1705241147228409088
1705126004222962944
1705298159632008960
1706249020506043904
1705495674332517888
1704439261472204032
1704984159536416000
1705321810871642880
1705320250090459904
1705200336823849984
1706082701921358080
1705582231092297984
1705990109491126016
1706186227856470016
1706011360921487872
1705154283848535040
1706015049257942016
1704977136406080000
1705727528162093056
1706012077861068032
1705544712881349120
1706184875598609920
1705923891101543936
1705324178681143040
1706011646934789120
1705029243997902080
1705664101375621120
1705146766936532992
1705152051403058944
1706011614933081088
1705039938953683968
1705048459350755072
1705927560619680000
1705321327081893888
1705991034918413056
1705406817024569088
1706011816570518016
1706012079361093888
1705408731449732096
1706104718015217920
1705134101079251968
1705061746061425920
1705583443568322048
1705988477004539904
1706167207779222016
1705125745429821952
1705583320576016896
1705146757435632128
1705665470794544128
1706193627888335872
1705752252643316992
1704951822563813888
1701159039389830912
1706189373885758976
1704891799801874944
1706185137098631936
1706013411555021056
1705544587884280064
1705988001059748096
1705460371314008064
1705495440112090112
1705125681424311040
1705042441405816064
1704779170999059968
1706167216280172032
1705544653386535936
1705374750299540992
1706185142097684992
1704334939207335936
1704441876434831104
1705152166902404096
1705147673985221888
1704977124408304896
1705373071080858112
1705386540289059072
1705405369080290048
1704956442420013056
1704439253973536000
1704335416469059072
1705669832789203968
1705287903837829120
1705200284325732096
1706238293203196928
1706013416555682048
1705635489376713984
1705072621032936960
1705669004894149888
1706011648434829056
1705667145399826944
1705900310991492096
1706165800836816896
1704891793302166016
1706076142049467904
1705578631972768000
1705300090160704000
1705549792332352000
1704952488658610944
1705923489109031936
1705061263547945984
1705321244078409984
1705667208902787072
1706168504180410880
1709812835054120960
1704979520442733056
1706163925222242048
1704943200022045952
1706239515603897088
1705374752299511040
1705134203592066048
1705407718036215040
1704887455107111936
1705125992722947072
1705550207823475968
1705039869948862976
1705634259553553920
1705923905768361984
1705490854601496064
1705544725379193088
1705134110080348928
1706011662434359040
1705145492610254080
1705556954801990912
1705649292004805888
1705670083304020992
1705925607620467968
1705665478792999936
1706239755692973056
1704778983504455936
1706011357921455104
1706079944980064000
1706248439021575936
1705298159132005888
1704783475803610112
1705559981373623040
1705039946953682944
1706166499794946048
1705923500606828032
1705924632460580096
1705154395330889984
1704977242402117120
1705990390515092992
1706190030287554048
1704896999040993024
1705926370730552064
1705750589154290944
1706238324200706048
1704952577462132992
1705210780565927936
1706185307081012992
1706082172424804096
1704783410298330112
1705463194287183104
1705907280595934976
1705646269791090944
1704810477219696128
1701159277898505984
1705670388604354048
1705584905002804992
1704984078046461952
1706192488350055936
1705989521521432064
1705238290822779904
1705923893101488128
1704956448920875008
1705647974564326912
1706013872302398976
1705644706713288960
1704769874663817984
1706015524736240896
1706104344906575872
1705406769922391040
1705147696086628096
1705579347356259072
1705728140628996096
1705147696586661120
1706185154095454976
1705633807002884096
1705405175088057088
1701159041389682944
1705410012404387072
1705063255801303040
1705753120350013952
1705749537999062016
1706015039259840000
1705669543282777088
1705386388027304960
1704977300994209024
1706185141597700096
1705664101875537920
1705749547997292032
1706186449976482048
1705929667229099008
1705560778138819072
1704976962907286016
1706079946979789056
1705544577384251904
1706076163445889024
1705722847256197888
1706239135084236032
1705549797331576064
1705287900338348032
1706239156687021056
1705923503106375936
1705404557000705024
1705583430570671104
1705721306618685952
1705153613793848064
1705583197422966016
1704956381415986944
1705039857446990080
1704892280502240000
1705495436112699904
1705669532781284096
1705643725709442048
1705927253200482048
1705146770436605952
1705990115498846976
1705578813476005120
1705063260800457984
1705063230155731968
1705556741800644096
1705153771275099904
1705406777922238976
1704977016911968000
1705670378602903040
1706239282179240960
1706074589101923072
1705297246190832128
1702954825147762944
1706167662203384064
1704782643843986944
1705635371088348928
1705923896101561088
1705237075369775104
1705495357117732096
1705039967451742976
1705323682211448064
1705490856101413120
1701342697490078976
1705730987028378880
1705906292618240000
1705320819568320000
1705318772141332992
1705134347580675072
1702954832147171072
1705633875591305984
1705323680866070016
1705754847253999104
1706238324700680960
1705669215383589120
1705670578784460032
1704952421962938880
1705667399901495040
1705043521887201024
1705730941531096064
1705322598222347008
1705548480231217920
1704779100496324096
1706076508441652992
1705582231592229120
1705409548929129984
1705923408213326080
1706012075361222912
1705990109998979072
1705560774638373888
1705200334323918080
1705544578384271872
1705583841567107072
1705633885589462016
1705751017018656000
1705635500378041088
1705373069080928000
1706102380924717056
1706192424759888896
1705927848424806912
1704335216977520128
1705751411487214080
1705146767936528896
1705990111991188992
1706239275678344960
1705669001893754112
1705990101999397888
1705132972576329984
1705555893779305984
1706186258353248000
1704889283079738112
1706187668855292928
1706239335187109888
1706248447522832896
1705063286300279040
1705125746729590016
1705925664218973952
1705064385163916032
1705406376553668096
1706104122900335104
1705214119155171072
1705463191786743040
1705463191286699008
1705048463851436032
1706167836790590976
1705125989722916096
1705404804590884096
1705663841281227008
1705321804371995904
1704943207522181120
1705583431570465024
1705749566993948928
1704867910562276096
1705409373419251968
1705407683036890880
1706249016506441984
1705406385552119040
1705409970906152960
1705926378230500096
1705583853565364992
1704977031912739072
1701159155386256896
1705289045074682880
1705134341581690112
1705753123849329920
1705634269055109888
1704891772802940928
1705904276015927040
1704980000109448960
1705072546023749888
1705755957630798080
1706167214779971072
1706075359567712000
1705405360581978112
1706185300081158912
1706078627988805888
1704977246401942016
1705550138828585984
1705321806371741952
1706010227632993024
1705409998904796928
1705385249253955072
1705583606548696064
1705039866948360960
1702954831647397120
1705721311619460096
1704956448420667904
1705546098429861888
1701159066885414912
1704977032412715008
1705237065371740928
1706239532104022016
1706187676753842944
1705153309818394112
1706166319287152128
1704889379572819968
1706193624888858112
1705152501319823104
1705039946453677056
1705127004055342080
1705663910778934016
1705545090352083968
1705544706882244096
1705927251200425984
1704783144809257984
1705470231248028928
1705407200006163968
1705408737450563072
1705925605119997952
1706010220134466048
1705406373054217984
1706078589983644928
1706187677753644032
1705989280962029056
1704951829063809024
1704889488915187968
1704867916561912064
1705321338082571008
1705989794480681984
1704855510981474048
1705125999722904064
1705988351012465920
1705212089669307904
1706248446022658048
1706167204778991104
1706010619128876032
1705663877283201024
1705663845281682944
1705649289005203968
1706163637695319040
1705990215508312064
1705544886962845952
1705555897279749888
1704980031614169088
1705584898003813888
1705154388832078080
1704895594553358080
1705241429706808064
1705490850601560064
1706074590102064128
1705728137629144064
1705579396360065024
1705463149780726016
1705547514788534016
1706239343188140032
1704891767303815936
1705063217155467008
1704441935929506048
1706082175424968960
1705145800600677120
1706188417401832960
1705152263898861056
1705125746429947904
1706193331889894912
1705126734536972032
1705648562279972096
1705152506820620032
1705152596326434048
1706163750209394944
1704346778597492992
1705669851791515904
1705990114498893056
1705039998446252032
1705199520867929088
1705404547501076992
1704951819563747072
1705463108282330880
1705145473110693120
1705560843342507008
1705990806945207040
1705064386164034048
1705239304804679936
1704954116964421120
1704979999109318912
1705320259090736128
1705212037165359104
1705234186584314880
1705460383814726912
1705144400978680064
1704979557637315072
1705144397979194880
1705150350046561024
1704783475303646976
1706166347882113024
1705153350816648960
1704893820592122880
1705633803002996992
1705544658886545920
1705544682384278016
1705373083080492032
1706011624433146112
1706185306581111040
1704952566961132032
1705039980949364992
1705670080304529920
1705061269447723008
1709812802054394880
1704891796802043904
1705409643405969920
1704769049386401024
1706239282679182080
1704979220671923968
1702954823147779072
1705989808481474048
1706013876802160128
1705579353357163008
1706104527826375936
1705559982873818880
1705241446709256960
1704867448581426944
1705404605604886016
1705667196400715008
1704439259972442880
1705153618293870080
1706189145348308992
1705214145151053056
1706075353543756032
1705134209592923904
1706163740708059904
1705410009404282880
1706106592318148096
1705125923517882880
1702954914645256960
1704855500980858880
1705298310151297024
1705373065581094912
1704892283001952000
1705582228592005888
1705670381603296000
1705584903503048960
1706186218857202944
1704952316969686016
1704891798301975040
1704694171698164992
1705583642549104896
1705669217883535104
1705753705578157056
1706011815070563072
1705669847791162880
1705409313925041920
1705061265547854080
1704976808922956032
1705374764799610880
1706167855290761984
1705753709578008064
1705234216081541888
1705926377730490880
1705900311991518976
1706239347688894976
1705644704213368064
1704952586962074112
1704889279580314880
1705320810068236032
1705722840757188096
1706076185941889024
1706193242380848896
1704783412798775040
1704952486658918912
1705924622461905920
1705321240078540032
1704984492538213888
1704867505784167936
1706104120400520960
1704810473219659008
1705061752062258944
1705749549497071104
1704783471803811072
1706165806835862016
1705072569327181056
1705407716036505088
1705721304118159872
1705669831289010944
1705928462906086912
1705125825516215040
1705043523887119104
1705153769775331072
1705323679211094016
1706184875098528000
1705150344547245056
1705550138328577024
1705667434976900096
1705583488561470976
1705321248578268928
1706104130899983872
1705497009124994048
1705234613053230080
1706239346688786944
1705300085161617920
1705064505154158080
1705241437707913984
1705320808568336896
1705583499561134080
1705927205961385984
1705124489653040128
1705989928972153088
1702954930146891008
1704769873663800064
1705144365985027072
1705322982679823104
1705925322708986112
1705153607794040064
1705544967054663936
1705750107712649984
1706075358067761920
1706188420901786112
1704980036114249984
1704984131937413120
1706239524603983104
1705406771422422016
1705048451849730048
1704808796759638016
1705298390148934912
1705375594935368960
1705730944030878976
1705548487232065024
1705063252801837056
1706082775321189888
1705241172723815936
1705642535755298048
1704979894008241920
1705063228304808960
1705544589384156928
1705212041665414912
1706074593602633984
1706184138068997120
1705126432009742080
1705126433509661952
1705583490061498112
1706102383424261120
1706104123400207872
1705320968564908032
1705234839029511936
1705072579328677120
1705646095276090880
1705749565994145024
1706187795343181056
1705989523521030912
1705549799331261952
1706248715035998976
1706239348689018112
1705752773867308032
1704346778097504000
1706166324786347008
1705125753728493056
1704889059572734976
1705648602605425920
1706011617433125120
1704977235902373888
1705387004639716096
1704855722480240896
1705927560119482880
1705649478582854912
1705320220086055936
1705325597650917888
1706077142951906048
1705990384016067072
1704779093496997888
1705152591825869056
1706165727249984000
1705928309188460032
1706167854790760960
1705323686211838976
1704807269310522880
1705407169910777088
1705405246595865088
1705154280849072896
1705039934953605120
1706015537237949952
1705490856601393920
1705555903280663040
1705039862447776000
1705924629960929024
1705324185680131072
1705321788888015872
1705241597711560960
1705581823378722048
1706167845290642944
1705063233655789056
1705153623793798912
1705463046778931968
1702954564128667904
1705644582168306944
1705125795021120000
1705644585267738112
1706012083861191936
1704779040996539904
1705126340215485952
1704805295825732096
1705544928960039936
1702548478295566080
1704984130437379072
1706079064450544128
1705663917277861888
1704783135310876928
1706082784321145088
1704783414298950912
1705667203901980928
1705579384359204096
1704979992608406016
1705152517822172928
1704810474219674112
1705154769838820096
1705153809872709888
1704769878663776000
1705298308650958080
1705463050279009024
1705544889962646016
1704769045885916928
1705491384595737088
1705560988130206976
1705463047278949120
1705373074580741120
1705319907596539904
1705544659886582016
1706193625888655872
1705497007125167104
1705582225591749888
1705404612604958976
1705928315687354112
1705320957063539968
1705125729927418880
1705061481654337024
1706079065950728960
1704984142537008128
1704956315415367936
1705927837826811904
1702954827147812096
1705649463083643904
1705544687384285952
1705463041278881024
1706238292203191040
1705579365858107904
1705728150128626944
1704977243402021120
1705581842381408000
1705991027919436032
1705407695036825088
1705982403034263040
1705923897101391872
1705673665332411904
1705463049278991104
1705583845066557952
1706188421401775104
1706185214188171008
1705578646974242048
1706185312581522944
1705470236748904960
1706156249980675072
1705298149133223936
1705755947131504128
1705237076869654016
1705544678884672000
1705375596434963968
1705735272796194048
1705241146228625920
1705409147938237952
1705648605605396992
1705583710557665024
1705752521630490112
1705200329324264960
1705544684384329984
1705550145828576000
1705406383552408064
1705384744880649984
1705463090282784000
1705404599604830976
1706185145097148928
1705241823209253888
1706079051949134080
1705722884751121920
1701159230898127104
1705241803207859968
1706015049757929984
1705544713881143040
1705132960077728000
1704892282501853952
1705736016085184000
1705410003404464896
1704977306493473024
1705583196422849024
1704889287078981888
1705409636904930048
1705989794980879104
1705647935562138880
1706249021505920000
1705287907337186048
1705322974180209920
1705152595826380032
1706012087861178880
1709812815554405120
1705043489388372992
1705642538255341056
1704867508284292096
1705925596218795008
1706009608641944064
1701159157386541056
1705061593893607936
1704810482720508928
1705721885642736128
1704889341571929088
1701159234398590976
1705042447906895872
1705544783970526976
1705581821878540032
1704855533481216000
1705752254642905088
1704779051996125952
1706076152647720960
1706185288580687104
1705649361498932992
1706165803836324096
1705893540900098048
1705297250691204096
1704979222171820032
1705408570383183872
1705556740800848896
1705405182589294080
1705754125669851904
1705560899838761984
1705406819024599040
1705544583884283904
1705039929453597952
1706188434899782912
1704783469303789056
1706166503295535104
1705319910096318976
1705667445977585920
1705144413476380928
1705375627932118016
1705579353857210112
1705927242699678976
1705926012260139008
1705544965555056896
1705928694320310016
1706015042758994944
1704889288578867968
1705124492652485888
1705581832380204032
1705386394528130048
1705409160439662080
1705664148873692928
1705544890962437120
1704976151965122048
1706239153187034112
1705583442568424960
1706189141348920064
1705125683424684032
1705125876016686080
1705125795521103872
1705297243190781952
1705583193922384896
1705241663712829952
1705560840842533888
1705061200377793024
1705732750952913920
1705406378553341952
1705145632522880000
1705320900862263040
1705495390117127936
1705989514522729984
1704889290578436096
1705125794021225984
1705384384291770880
1705321811371664896
1705663876283205888
1705924616962882048
1705064364161634048
1705670710797694976
1705040843927076096
1705928688821156096
1705753704578330880
1702954826647802880
1706239515103891968
1705581833880231936
1706076576044642048
1705583196922894080
1706013877802159104
1705234886526964992
1705318766640905984
1705409669813835008
1705241831209227008
1705649334502565888
1706185208188283904
1705893740546671104
1705241795707119104
1705754838255685888
1706104720514733056
1705125991222928896
1704807271310437888
1704779053496088064
1705667200901458944
1706187676153989120
1705990815443704064
1702642218520195072
1705669852791762944
1704895593553396992
1705063218655503872
1706013415055437056
1705126437509928960
1705384738381488128
1705320809068343040
1705213701662969088
1704977288495013888
1705649287505304064
1705925584717489920
1704779054996092928
1705649362498713088
1704976969407044096
1705322264351824896
1705646058671948032
1704537575725833984
1704956454421548032
1701342702489442048
1706185607071691008
1706187786342234112
1704976804422889984
1706104125400210944
1705923496107684096
1705670706297171968
1709812802554392064
1705237287845519104
1706188619852515072
1705125736928528896
1705646266791040000
1705321251078188032
1704893825592352000
1705061475655170048
1705234181584591872
1706163695801345024
1705925614621545984
1705579837426373120
1705387057132901120
1705928468906845952
1705408557984231936
1706074589601970944
1705072662533476096
1705236926382640128
1705664098375675904
1705048450349425920
1705040860424051968
1705298156632050944
1704959065833879040
1705667209902770944
1705669835289423872
1706185218687771904
1705735269796376064
1705134348080582912
1704976958907491072
1706167220780751872
1706239767790729984
1704956417418337024
1706189137849178112
1705152050903055872
1705583504060713984
1706163923722493952
1705928316687132928
1705583500561021952
1705416600195796992
1705407207404916992
1705493391593724928
1705153348317040128
1705928836325605120
1705199515368142080
1705989798981332992
1706186194861003008
1705736010586048000
1705584907502291968
1705893535901019904
1705061265047828992
1705409638905181952
1705234837029573120
1704537757221072896
1706080001576346880
1706238332200695040
1706189143348602880
1705752263141512960
1701158949304550912
1705754119170540032
1705548488232196096
1705907288595429120
1705579346856186880
1706185150596200960
1705926019760486912
1705298245141600000
1704979555637286912
1705298391148963072
1705670705297041920
1705721314119533056
1706075359542971904
1701158964302545920
1706185144597164032
1705495668332513024
1706082173924877056
1705241802707692032
1705463397291068928
1704855715980194048
1705578630472688128
1705320259590745088
1706248452523540992
1705405901556273920
1705145492110245888
1705669883928710912
1705061266747806976
1704855542981046016
1702954927646664960
1705493387594100992
1706188430400614912
1705409665313978880
1705407187908378880
1705237520353714944
1704952583462141952
1705579383359070976
1705727520662391040
1704805283824933888
1705927556619011072
1705321234078802944
1705153351816432896
1705670371601867008
1704889076071987968
1706239755192982016
1704952528155735040
1705199566860212992
1701159288897112064
1706011657934893056
1705061604393178880
1705906290118539008
1706167855790769920
1705322991179526912
1705288133836737024
1705039903950062080
1706184894601327104
1706187798343698944
1705670847703408128
1704810481220320000
1704889352071863040
1705750115211632128
1705199566360416000
1705147694586804992
1705062753304676096
1705154442329541888
1705153769275539968
1706104343906582016
1705927211462083072
1705989811481541888
1705386379626855936
1705373071580886016
1704807278310196992
1705736011085850880
1705669833289271040
1705287899838535936
1706239330686266112
1705404614604912896
1704867458581166080
1705405354083075072
1704979223671460096
1705463397791084032
1706167849790814976
1705042441906013952
1704979896008073984
1705906240094621952
1705298246141732096
1705583606048743936
1705581916586743040
1704979994108549888
1705409364920498944
1705234199083799040
1705495355117810944
1705556751299480064
1705928681322170112
1705154388332093952
1705904269016736000
1705549803330523904
1705669883894746112
1705386531790501120
1706010612628868096
1704808202267891968
1706187429874725888
1705385233754290944
1705750118711062016
1706165727749976064
1705581828879482880
1705404810089672960
1706248715536045056
1705578815475599872
1705126732536942080
1706104304907066880
1704976142966812928
1706239150686622976
1705153317818926080
1704807280310107904
1706082712921475072
1705300089660902912
1705384739881392896
1706163700802127104
1705495390616954112
1705644577169050880
1705153316818919936
1705667398401294080
1705667390900090112
1705751023017924096
1706187430874520064
1705200380320474112
1705493381595055104
1705730986528411904
1705635487876634112
1705989811981552128
1706156248480635904
1705152231396798976
1706186254353955072
1705928841326426880
1704807275810289920
1704979994608736000
1705583711057597952
1706239528103941888
1704889077071900928
1706238336200796928
1706187430374710016
1705750584154376960
1706076164945505024
1705407167410578944
1705730965530187008
1705647973564300032
1705405193090728960
1705583498561139968
1705669891394542080
1705386048777622016
1705730958030120960
1705579830426659072
1706009599640743936
1705234180584741888
1705579364358016000
1702642228019629056
1705470234248621056
1705040006945686016
1705544960055867904
1705584899503752960
1705039993446996992
1705669839790013952
1705385250353794048
1706166320787046912
1705730990028027904
1705061189879650048
1705493383594736896
1706010222134070016
1704984132437286912
1705410000904577024
1705928686821447936
1706015059756088064
1705751394986220032
1705560851842493952
1706238320700690944
1705072671033569024
1704867399785940992
1705990107499200000
1706192477350663936
1705061267947705088
1704956367416378112
1704807284810001920
1704889281580105984
1705043488888477952
1705152221396656896
1706013874802247936
1705560848342588928
1705990106499174912
1706080009575088128
1705546110927707904
1706248440021708032
1705043524887021056
1705375604822540032
1705545090852132096
1705927249700393984
1705234882527661056
1705199567360200960
1705583494561303040
1704336343345236992
1705750121210842112
1705061480154478080
1705214110655522048
1705670846203269888
1704805285325016064
1701159063885943040
1705408561884253952
1704807268810565120
1705644708213193984
1704897000040902912
1705072631033431040
1705061201377710080
1706193447386413056
1705927557119240960
1704956426418423040
1704694172198171904
1704977237402269952
1706166306289607936
1705669875629808128
1704895596553220096
1706187680753147904
1704956488926676992
1705235498001296896
1706076503441671936
1705241826709229056
1705126999056087040
1705409157939366912
1705736043982187008
1705125824016299008
1705125680424182016
1706238321200695040
1704769048386258944
1705664059372112896
1705579383859115008
1705990102999266048
1704984125937779968
1705463150780883968
1705152222896743936
1705234887526864896
1706011626933191936
1705214139651908096
1705321791874444032
1702542671889056000
1705463107782375936
1706163700302050048
1705928314595777024
1706239270177837056
1705210778565670912
1705663997373880064
1704779171999168000
1706239341687976960
1705406408548570112
1704979512943948032
1705900313491463936
1705375611822315008
1705906241594565120
1705669872130056960
1704867449581321984
1705241427706430976
1705126128509009920
1705064500154166016
1705633871592025088
1705126438010095104
1706163932721202944
1701159107885605888
1705463403791006976
1705463399290978048
1706104291906969088
1705408738950729984
1705927241199331072
1705991034418424064
1705667436477241088
1704782643343995904
1706075356043158016
1705635500878018048
1705237301344404992
1706079052949267968
1705322595222426112
1706011361421488896
1705927548617798912
1705374761299557888
1705072663033479936
1706080012074678016
1705063227155840000
1705318821641603072
1705061601893281024
1705322975680115968
1705237295845014016
1706163747709167104
1705416606196456960
1705722891250930944
1705406816024438016
1705583715558406912
1705409963907386880
1705241665712851968
1705404798091862016
1704769595689124096
1705239299305392128
1702642223520071936
1705125927517810944
1705749538998961920
1706013878802060032
1704977015411952896
1704694187196268032
1704537767222210048
1705405887556706048
1705287902338049024
1704782642843994112
1704984496538150912
1705214135652666112
1705989258465954048
1705894850298938880
1705064379663328000
1705408568383501056
1705125744730095104
1706249020006053888
1704979998109191936
1701159289896996096
1704980042115097088
1705324184180272896
1704952483659356928
1705320451585758976
1705125696126706944
1705384749379928064
1704984611538106880
1705669005394361088
1705990381516296960
1705404890583412992
1705239325801327104
1706011618433136896
1706163630695328000
1704855714980126976
1706185609571712000
1705928312687924992
1704979221172019968
1705152177400971008
1706186259853029888
1704769050886490112
1705298391648969984
1705043529986125056
1705384747380336896
1705751414487456000
1705125701627169024
1704976959407429888
1705635358090673920
1706156254480663040
1701159233898394112
1705729416429560064
1704694173698074880
1706188419901772032
1705407202905861888
1705752522630499072
1705134200091386112
1705320212084796928
1705374746299121920
1705749545997605120
1705386040776667904
1704537564724274944
1704336341345283072
1705989797481146880
1705320257590714880
1705212045665437952
1705386537289602048
1705989277462728960
1706082178425313024
1705063231304766976
1706238148204378112
1705584913501576960
1706239267177466880
1706082174925011968
1705405196091106048
1702542681390327040
1706188425901371904
1705039927953552896
1701158987398650112
1704694175197948928
1706239781688542976
1705634003576401920
1704979510944271872
1704889492915596032
1705982373029859072
1705583433070053120
1706239274678224896
1705298394149018880
1705495669332521984
1706163927721904128
1704694186696440064
1705235502001106944
1706075255061146880
1704810486220950016
1705287904337636096
1705750109712352000
1704956305916706048
1704537564224232960
1705234195583968000
1705460382814597120
1705750112211988992
1705125732927944960
1705642536255340032
1705241179722526976
1705200331324088064
1705408470987525888
1705635490877018112
1706104352907229952
1705409667813936896
1704783481302853120
1706163927221934080
1706248706034661120
1704335415468922880
1705061185380026112
1706078577481974016
1705407686536698880
1705732738454045952
1705495354117786880
1704779055995961088
1706104341406501888
1706189333889170944
1705405365081026048
1705320440586840064
1706013411054970112
1705061603393174016
1704441878934756096
1705582248093433088
1704956494427030016
1705126998556151040
1705241431207002880
1705463051779002880
1705990394514181120
1704976149465522944
1705385246754191104
1706167663203513088
1704952536156506880
1704952581962112000
1705238286822381056
1705753699079388928
1705635505877815040
1705555908281430016
1705237294845112064
1705559983373824000
1705152502820113920
1705923407213284096
1705200376821071104
1705736005086626048
1706106603819213056
1705321243078572032
1705750117711266048
1706186225356914944
1705298251642457088
1705125921017846016
1705495443211650048
1705405370580166912
1705063259800659968
1706074588601833984
1704952531155837952
1701159066385323008
1705646097776563968
1706190020787895040
1705989524021133056
1706166284293350912
1705647930061536000
1705125696626640896
1704779100996165120
1705405901056269056
1705153786273574912
1705214118655305984
1706188422401681920
1705544656386493952
1705409374419032064
1704976801922864128
1705072545023575040
1704334934707430912
1705460372813960960
1705321755883535104
1704984080046012928
1701159065885519104
1705649365998291968
1705729410929562880
1706239520103908096
1705893732545786880
1705152173901626880
1705321323581964032
1705667142399897088
1705582243593385984
1704889491415425024
1704941781843676928
1705406945026961920
1706076578044914944
1704984620036815872
1705153619293752064
1705669882394856960
1705237931353648128
1705649475082768896
1705736015085280000
1701159229897927936
1705751415487585024
1705408572882838016
1706248417521224960
1705214129653748992
1705463406291051008
1705063256801199104
1701343175473046016
1705289043074427904
1705560844842519040
1706082778321144064
1705497011124910080
1705407691036839936
1705722878851355904
1706189380885816064
1705234849029169920
1705664063872502016
1705928675322419968
1704956364916438016
1705495670832530944
1705667341395769088
1705646271791123968
1705039963952250880
1706238137206225920
1704956490926970112
1705406381052826880
1705578637473769984
1705406836025466112
1705408567883575040
1705298144134084096
1705924628960993024
1705550149328621056
1704977070913998080
1706185298581276928
1705560773638247936
1705072540522941952
1705649484083401984
1705669830789053952
1705722850255555072
1705386390527602944
1706188613852953088
1706190029287642880
1704867403786053120
1705298208136122112
1705463196787476992
1705126998056184064
1705906234594843904
1705928471407195904
1706184887600464896
1704782631345008128
1704979518443032064
1705321812371680000
1705040845926604032
1705925593718332928
1705126339715443968
1705579826926748928
1705982379030789120
1705409971906120960
1705907293094807040
1705323651212452096
1705239300305255936
1704867467082013952
1705318825140864000
1705409549928910080
1706238434688375040
1704783408798162944
1705320253590619904
1706167220280815104
1705234780933710080
1705321781875343104
1704889354071870976
1704979219172358912
1705544864565580032
1705061476654932992
1705072656533519104
1705923405212977920
1704889393072741120
1705406329459905024
1705980568135936000
1705324175681551104
1705322608721618944
1705125568020755968
1705125567020531968
1704782644843992064
1705241144228942080
1705730941031273984
1705989512023119872
1706076188441378048
1705406775422245888
1705583201423546112
1701159286397334016
1704952493657733888
1705406320460992000
1705749542498317056
1705153611293808896
1706104561324474880
1702548482296162048
1705663840781058048
1704867910062289920
1704867935558902016
1705125993722959104
1706011420427525888
1705409156939240960
1704867942057848064
1704805289325413120
1705989519022017024
1705322594722445056
1705667149899440896
1706165795837723904
1704346779097296896
1705463406791049984
1705064381663463936
1701343171472417024
1705134103579538944
1705633889088758016
1705386386526989056
1709812813054436096
1706238326700666880
1705730940531304960
1705238293822725120
1705154382333263872
1705145472610763008
1705633806002989056
1705125877016802048
1704867944557221888
1704537559723397120
1705234779933927936
1704941783843717120
1705670082804212992
1705072651533447936
1705900319991165952
1705670070306376960
1705583644049331968
1705298396149274112
1705321233578779904
1705727522662312960
1705544788469806080
1706102385423972096
1705559988873632000
1704805293325829120
1705061744061036032
1704952304467997952
1706166282793733888
1705664091875665920
1705730991527870976
1705061184379982080
1705749553996154112
1705405890556596992
1705544971553972992
1706104131399984128
1705900317991220992
1705463105282726912
1705583439068977920
1705134211093105920
1705132645075522048
1705154438829100032
1705320820068332032
1705722880351243008
1701343162471028992
1706076500941362944
1706078587983355904
1706186444476484096
1705154291847470080
1705633999076517120
1705235504501007872
1705406412048531968
1706193325388947968
1701343171972455936
1705287728864420096
1705234845029353984
1702642219020090112
1705642538755331072
1705409960907909120
1705152588325317888
1704952312969228032
1705320438586809088
1706011651434880000
1705241657712755968
1705298351652365056
1706238138706018048
1706184895601588992
1705153468295886080
1705989996977110016
1705153778273935872
1704956300417148928
1706012076861220096
1704952414463000064
1705670849703646976
1705544680884472064
1704979990107961088
1705923891601570048
1704867920061626880
1705670705796977920
1706010221134247936
1705234889026446080
1705635369588753920
1705752780866324992
1704808200767715072
1705234604053575936
1705750595654115072
1705649317003267072
1705154293847149056
1705061487653257984
1704783404297370880
1705144408977349888
1705320895863123968
1706015538238195968
1705463108782295040
1706010229132861952
1706166285293245952
1704979985107194880
1705072666533513984
1706193632388116992
1705134110580439040
1705753708577976064
1705404606104891904
1705237930353754880
1705727520162407936
1705405902056186880
1705752519630612992
1705320829568322048
1705145485110194944
1702642229519505920
1705210764565300992
1705153788773549056
1705153475394635008
1705753124849155072
1705151115934894080
1705721878141613056
1705409968906539008
1705321803872225024
1705730960530173952
1704808204268254976
1705900316991311104
1706248410520988928
1705325603651763968
1705152041403148032
1705039970451258112
1705062748804641024
1705153784773643008
1704984132937309952
1705732734954647040
1705404805590630912
1704976802422865920
1705730957530112000
1705664090875507968
1706011823070384128
1705463030778665984
1705134212593203968
1705234775434096896
1705040858924311040
1705667337395909120
1704782633844606976
1705893536900851968
1704779048496291072
1705893722545879040
1705320221086181888
1705125799020400896
1705583653050569984
1705323615216944128
1705061742560972032
1705893735546096896
1705989278962299904
1705633997076596992
1705384753379215104
1705730993527592960
1706184889100638976
1705323622216760064
1705642527755238912
1704980037614473984
1705923501106817024
1702954831147406080
1705153819872363008
1704855699978427904
1704896999540875008
1705583485061670912
1705728144128835072
1705649353500006912
1705583436069552896
1704867919061822976
1706184874598481920
1705752522130490880
1705643722709905920
1705491393094857984
1705989515522518016
1705990109991131904
1705042445906630912
1705125754728389888
1705152178400880896
1706186190361545984
1706015530737138944
1706076188941369088
1705063338004696064
1705667140899867904
1705298213136905984
1705298299649522944
1705151121433712128
1705555901280391936
1705154764338983936
1706015046758519040
1705241188720928000
1705495351617753088
1705152179400779008
1705583507060175872
1705754837255787008
1706012080361105920
1705667150399407104
1705990108991088128
1705408468487084032
1706167852790718976
1705751021018255872
1702542682390459904
1705463039778764032
1704810474719678976
1706104116901236992
1704537765722135040
1705234847029259008
1704979519442938112
1704952584462148096
1706079052449310976
1705237291845210112
1705152512821443072
1705241432707238912
1705321249578173952
1705584912501569024
1705374756299471104
1705751392486285056
1705987995560625920
1705318828140294912
1704441873434921984
1705237933353383936
1705375618432482048
1706074592602483968
1704779046496252928
1705154396330782976
1704891519537405952
1704855712480100096
1704887571594235904
1705546095430370048
1705667197901071872
1705409972906073088
1706163701302174976
1705152219896346112
1705375625932183040
1705670085803589888
1704956368916369920
1705409366420339968
1705040841927397120
1705560777138672896
1705722843256875008
1706185298081282048
1705125998723023104
1705063274299676928
1705416601195919872
1705375620432419072
1705199527367243008
1705633810002820096
1705241602211620096
1701159101885175040
1705491392594910976
1705578807976808960
1705241808708576000
1705665134528900096
1705460376813934080
1705239328800997888
1705404606604894976
1705039864448045056
1705925315209299968
1705072649533422080
1704980044615558912
1705665133529111040
1705126728537052928
1706104531826336000
1701159056886893056
1705988004059420928
1705582234592702976
1704979557137288960
1705407207904901888
1705664096375745024
1705406410048483072
1706239277678521088
1704334943207217920
1705989548452137984
1705405361581766912
1705669206385317888
1706239281679002880
1704979515943620096
1704977022412030976
1706082649816115968
1705989261965434112
1705736042982189056
1704889070572796928
1706185291081042944
1705063233304709120
1704979891508621056
1706104120900506880
1705200374821398016
1702642229019531008
1705384760377985024
1705384384791759872
1705555897779944960
1704976963407312896
1705544774472176128
1706193441385526016
1706248445522454016
1706010231632210944
1705298251142521088
1705579391860281088
1704952443664706048
1706184890100768000
1705670707297274880
1705722881851143936
1705721855938273024
1706167213279857920
1704892274003271936
1706010622628833024
1705736053482658048
1706189147848082944
1705153560293754112
1705154281848965888
1705237179358405120
1704810472719642880
1705406378053357056
1704951834563833088
1705634264054311936
1704952446164748032
1704889389572832000
1705544770972890112
1705727526662176000
1705235511000756992
1705560839842532096
1705153568294967040
1705039937953666048
1705321790374576896
1704783471303808000
1705125988722909952
1705579832926507008
1705906284619235072
1702548477795489024
1704346785096182016
1705670709297515008
1704977139405709056
1706106599318909952
1705319906096867072
1706106596818654976
1705152499819851008
1705212077168375040
1705151118434260992
1704984072547350016
1705325603151695872
1706184877098785024
1704783467303771904
1704336342845230080
1706104718515023104
1705235501001188096
1705904280015335936
1705548484231682048
1705649365498305024
1706082704921421056
1706249014006757120
1706187788842448896
1705546110427901952
1706238435188365056
1705670847203362048
1706076189941171968
1704867937558594048
1704979227670718976
1705982397533516032
1705583612549416960
1706192110899589120
1705072632033444096
1706249017506235904
1705325604151804928
1705988481503890944
1705928311595311104
1705989268964120064
1705988478004452096
1706076507941644032
1706186456976359936
1706238323700808960
1705298207636073984
1705298343652314112
1705583843566676992
1705145640522944000
1705582242593376000
1705061596393494016
1705581839381003008
1705320561074036992
1705667146399922944
1705643718710620928
1705318832639502080
1705490849601694976
1704889298077154048
1705754840255265024
1704855531981286912
1706082650316124928
1705754843754727936
1704976810922967040
1705579358857989120
1705125686925391872
1705385242254360064
1706015493732404992
1706011817570539008
1704439263471880960
1705987996560427008
1705409968406626048
1705146764436549120
1705234184584390912
1705234196083991040
1705583623048963072
1705667435477124096
1706075757548659968
1705298341652273920
1705721310619324928
1705730957030209024
1706193620389601024
1704783467803774976
1705234768435094016
1704952485659121920
1704984146536851968
1705667210402844928
1705063258800749056
1706011662934163968
1705241140229701120
1705387052133832960
1705126359217033984
1705491376095755008
1706248450023232000
1706166283293541888
1705583743562447872
1705546101429356032
1705893727045750016
1705406954025562880
1705237184857352960
1705409151438563072
1705463038278734080
1705925646721733120
1705722838257507072
1705906291118469120
1704891525536558080
1704951830563831040
1705200371322077952
1705490851601545984
1705126439010117120
1705669870630057984
1706248446522703872
1705495442111757056
1705153772274884096
1704335426469332992
1706011658934771968
1705063276299841024
1705039977449882112
1704809697713583104
1704959064834002944
1705297249191122944
1705906285119204096
1705635362089986048
1705579362357993984
1705673666832591104
1705579355857463040
1705321800872719872
1706189141848739072
1705298156132061952
1704891770803360000
1705927204961266944
1705924617962661120
1705408464986763008
1705125748930251008
1705584900003738880
1704891562332272896
1705667387399621120
1705407206905114112
1705923402712764928
1705241181722209024
1706248418021236992
1704984150036926976
1705405239095770112
1705545093352088064
1706167656803428096
1705644704713389056
1705581934085275904
1705039942453639936
1705649359499194880
1704943204522138880
1706082783821135872
1706010616128843008
1705406785421857024
1706248416021199872
1705404884582760960
1706239279678828032
1705298144633896960
1705642524755286016
1706166491793739008
1704952452664653056
1705584907002489088
1706011660434539008
1705406815524380928
1705039961952556032
1704984500538195968
1705410003904465920
1706187670854906112
1701159284897598976
1705927841326088960
1705927216962984960
1705145639022949120
1705325598150958080
1704783474803833088
1705670712298066944
1704984127437457920
1706166350881502976
1705210770565832960
1705667195900774912
1701159060386360064
1704805294825840896
1705545089351998976
1705322274351823872
1705406788921762048
1705210781566053888
1705063338504697088
1705926373730540032
1705906289118624000
1705039968451550976
1705153624293806080
1705125686425069056
1705134213593206016
1706190025287793920
1705132962077822976
1705320824568336896
1705667154898743040
1705463192786867968
1705646263791002880
1706189381385824000
1704808793759366912
1704694174697980928
1705029240997540096
1706239527603923968
1705237520853947904
1705063257800975872
1701159224397004032
1705928841826566912
1704984141037080064
1702954932647252992
1705072572327567872
1705583732060826112
1705298248642203904
1705669839289949952
1706168500181203968
1704959060834562048
1705241795207041024
1706185146096937984
1706186189361622016
1704855545981008896
1705323656711944960
1704976968907130112
1705578636973541120
1704769051886621952
1705061186380033024
1705583651550237952
1705463182285349888
1705125875016592896
1705670706797107968
1705579385859379968
1704979554137359104
1705989515022530048
1704954119964274944
1705989994977064960
1705989513522917120
1705578641974275072
1705409318424284928
1705152586825361920
1704769048886214912
1705463091282764032
1705153612293809920
1701159105385413888
1705735269296295936
1705927218963399936
1705375590936078080
1706185313081487104
1705728143128937984
1704439260472424960
1705152168902194944
1704778982504655872
1706248452023494912
1705237174359180032
1702542684890766080
1705544932460014080
1704537569724993024
1705063278799862016
1704810469719714048
1704977074913871872
1705386387527128064
1705239299805467904
1705667440977478912
1705039863447911936
1705404887583022080
1705237298344920064
1705670387104124928
1705665471294350080
1705667200401363968
1701343174472911872
1705753700578981120
1705153786773597952
1705560783138981120
1705406375553889024
1706013413555269888
1705409548429146112
1705404895583895040
1705416780203440896
1705406784921971968
1706185614071680000
1705200372821833984
1705989926472239104
1706248768034288128
1706013881302043904
1705152225896944128
1705321246078356992
1705241599211592960
1706188416901957888
1706193627388349952
1705152513821531904
1705416607196587008
1705241186221447936
1705407175910597120
1709812811054306048
1704783480302908928
1701342700489645056
1705732740453643008
1706011818070516992
1705408564884103936
1705151113935215104
1705405233095706112
1706079053949396992
1705667159898426112
1705064391164455936
1705132951577810944
1705544931459994880
1705043487388396032
1705579359358054912
1705649282005755904
1705721856438478080
1705670843202810112
1705145637522926080
1705548479731165952
1705925623622720000
1705544677884901888
1705648593105369088
1705923399712512000
1705237297345000960
1705980558634842880
1704979508944471040
1704979984607258880
1705375588936378112
1706079947979719936
1704779168498752000
1704979226670898944
1706104125900125952
1705544712381517056
1704807274810388992
1704889070072837120
1705729420429649920
1704769818363591936
1706104533826369024
1705544968054477056
1706075756548538880
1705752773367372032
1706167207279171072
1705988352512503040
1705409965907068928
1704769052886753024
1705320211084657920
1706193447886348032
1705384756878515968
1706239762791609088
1705409967906649088
1705982370529520128
1705928307188745984
1704952575462080000
1706186217857144064
1706082180425324032
1705556950801369088
1705490845101816064
1704952418463013120
1705550203323621888
1705924630460902912
1705752513630603008
1705234838029598976
1705649360998853888
1705649358999117056
1705062743804623104
1705320960063823872
1705125737428463104
1701159227897720064
1704889289078669056
1705583195422742016
1705241802207739904
1705134340081998080
1705544927960132096
1704984471540079104
1705063361506006016
1705642533755347968
1705321782875354880
1705990207507197952
1706011422927586048
1705125930017718016
1704779096496806912
1704867915061988096
1706184138568804096
1705923491608432128
1706188429400822016
1706239519103909888
1705550204323523072
1705298145133884928
1705384742381249024
1705320877366459904
1705132968077140992
1705752253143305984
1706189372885836032
1706248760034238976
1705989263965027072
1705754116670821888
1705753702578544128
1705925608620604928
1704977024911980032
1705407681037143040
1705927220963719936
1706011422427588096
1705146768936540928
1705925654720569088
1705670084803801088
1705199569859712000
1705990813444132096
1705544928460160000
1705988492002076928
1705234601053636096
1705144408477366016
1705751422988802048
1705634260553754880
1701158963802469120
1705667398901230080
1705199519867879936
1705234200083815936
1705669872630035968
1705544721379899904
1705644580168644096
1705923503506434048
1705663911778736128
1705151112435343104
1705321332081861888
1705721891143372032
1709812834554158080
1704769601187996928
1705583707057093120
1705544659386554880
1704867510784326912
1704334935707457024
1705320822568448000
1702954915645419008
1705298300649775104
1705732741953238016
1705735247897600000
1705125984722441984
1705153565794675968
1705407217904135936
1705040007445707008
1705670571783810048
1704889387572800000
1705237062372272128
1705649477082721024
1705544963555358976
1705635354591213056
1705409309925679104
1705667149399493120
1705234611553200896
1705134197591102976
1705323675865315072
1705237929853933056
1704769817863774976
1705406837525755904
1705214137152435968
1705730977029892096
1706079936981190912
1705560895339304960
1705670565784049920
1704855713980122112
1705928680822370048
1705749569993395968
1706163708303237120
1705298296649142016
1705200328324390912
1705735277296263936
1705409959908128000
1705409153438811904
1705375597434759936
1705635504377897984
1705297247690960896
1705072545523706880
1705649288005271040
1705559980373491968
1705491370095660032
1704783476803505920
1705061606393083904
1706248414521175040
1705322260851793920
1706075761549217024
1705927844825579008
1705405904556081920
1705545093851979008
1705237515853275904
1705321752383286016
1704810488721372928
1705320905861367040
1705732742953207040
1705153562794202880
1705321787387663872
1705925320209056000
1705375599434460928
1705583742062270976
1705750598154168064
1705125750930388992
1705497003125328896
